,Experiment name,Activation sparsity,FF weight sparsity,Dendrite weight sparsity,Num segments,Dim context,Epochs,Num tasks,LR,Momentum,Seed,Accuracy,Iteration,ID
0,w_sparsity_search,0.1,0.01,0.0,10,784,3,10,0.0005,0.0,3289,0.9716999530792236,1,w_sparsity_search weight_sparsity=0.01
1,w_sparsity_search,0.1,0.01,0.0,10,784,3,10,0.0005,0.0,3289,0.9715499877929688,2,w_sparsity_search weight_sparsity=0.01
2,w_sparsity_search,0.1,0.01,0.0,10,784,3,10,0.0005,0.0,3289,0.9677667021751404,3,w_sparsity_search weight_sparsity=0.01
3,w_sparsity_search,0.1,0.01,0.0,10,784,3,10,0.0005,0.0,3289,0.9648000001907349,4,w_sparsity_search weight_sparsity=0.01
4,w_sparsity_search,0.1,0.01,0.0,10,784,3,10,0.0005,0.0,3289,0.9617599844932556,5,w_sparsity_search weight_sparsity=0.01
5,w_sparsity_search,0.1,0.01,0.0,10,784,3,10,0.0005,0.0,3289,0.958383321762085,6,w_sparsity_search weight_sparsity=0.01
6,w_sparsity_search,0.1,0.01,0.0,10,784,3,10,0.0005,0.0,3289,0.9534000158309937,7,w_sparsity_search weight_sparsity=0.01
7,w_sparsity_search,0.1,0.01,0.0,10,784,3,10,0.0005,0.0,3289,0.9495499730110168,8,w_sparsity_search weight_sparsity=0.01
8,w_sparsity_search,0.1,0.01,0.0,10,784,3,10,0.0005,0.0,3289,0.9483000040054321,9,w_sparsity_search weight_sparsity=0.01
9,w_sparsity_search,0.1,0.01,0.0,10,784,3,10,0.0005,0.0,3289,0.9465399980545044,10,w_sparsity_search weight_sparsity=0.01
10,w_sparsity_search,0.1,0.01,0.0,10,784,3,10,0.0005,0.0,6265,0.9731999635696411,1,w_sparsity_search weight_sparsity=0.01
11,w_sparsity_search,0.1,0.01,0.0,10,784,3,10,0.0005,0.0,6265,0.9692999720573425,2,w_sparsity_search weight_sparsity=0.01
12,w_sparsity_search,0.1,0.01,0.0,10,784,3,10,0.0005,0.0,6265,0.96833336353302,3,w_sparsity_search weight_sparsity=0.01
13,w_sparsity_search,0.1,0.01,0.0,10,784,3,10,0.0005,0.0,6265,0.9652999639511108,4,w_sparsity_search weight_sparsity=0.01
14,w_sparsity_search,0.1,0.01,0.0,10,784,3,10,0.0005,0.0,6265,0.9654799699783325,5,w_sparsity_search weight_sparsity=0.01
15,w_sparsity_search,0.1,0.01,0.0,10,784,3,10,0.0005,0.0,6265,0.9646000266075134,6,w_sparsity_search weight_sparsity=0.01
16,w_sparsity_search,0.1,0.01,0.0,10,784,3,10,0.0005,0.0,6265,0.9602143168449402,7,w_sparsity_search weight_sparsity=0.01
17,w_sparsity_search,0.1,0.01,0.0,10,784,3,10,0.0005,0.0,6265,0.9590999484062195,8,w_sparsity_search weight_sparsity=0.01
18,w_sparsity_search,0.1,0.01,0.0,10,784,3,10,0.0005,0.0,6265,0.9567111134529114,9,w_sparsity_search weight_sparsity=0.01
19,w_sparsity_search,0.1,0.01,0.0,10,784,3,10,0.0005,0.0,6265,0.9535599946975708,10,w_sparsity_search weight_sparsity=0.01
20,w_sparsity_search,0.1,0.01,0.0,10,784,3,10,0.0005,0.0,6800,0.9752999544143677,1,w_sparsity_search weight_sparsity=0.01
21,w_sparsity_search,0.1,0.01,0.0,10,784,3,10,0.0005,0.0,6800,0.9720499515533447,2,w_sparsity_search weight_sparsity=0.01
22,w_sparsity_search,0.1,0.01,0.0,10,784,3,10,0.0005,0.0,6800,0.9702666997909546,3,w_sparsity_search weight_sparsity=0.01
23,w_sparsity_search,0.1,0.01,0.0,10,784,3,10,0.0005,0.0,6800,0.9667999744415283,4,w_sparsity_search weight_sparsity=0.01
24,w_sparsity_search,0.1,0.01,0.0,10,784,3,10,0.0005,0.0,6800,0.9628999829292297,5,w_sparsity_search weight_sparsity=0.01
25,w_sparsity_search,0.1,0.01,0.0,10,784,3,10,0.0005,0.0,6800,0.9617166519165039,6,w_sparsity_search weight_sparsity=0.01
26,w_sparsity_search,0.1,0.01,0.0,10,784,3,10,0.0005,0.0,6800,0.9607714414596558,7,w_sparsity_search weight_sparsity=0.01
27,w_sparsity_search,0.1,0.01,0.0,10,784,3,10,0.0005,0.0,6800,0.9546249508857727,8,w_sparsity_search weight_sparsity=0.01
28,w_sparsity_search,0.1,0.01,0.0,10,784,3,10,0.0005,0.0,6800,0.9523333311080933,9,w_sparsity_search weight_sparsity=0.01
29,w_sparsity_search,0.1,0.01,0.0,10,784,3,10,0.0005,0.0,6800,0.9512199759483337,10,w_sparsity_search weight_sparsity=0.01
30,w_sparsity_search,0.1,0.01,0.0,10,784,3,10,0.0005,0.0,3478,0.9726999998092651,1,w_sparsity_search weight_sparsity=0.01
31,w_sparsity_search,0.1,0.01,0.0,10,784,3,10,0.0005,0.0,3478,0.9702999591827393,2,w_sparsity_search weight_sparsity=0.01
32,w_sparsity_search,0.1,0.01,0.0,10,784,3,10,0.0005,0.0,3478,0.9711666703224182,3,w_sparsity_search weight_sparsity=0.01
33,w_sparsity_search,0.1,0.01,0.0,10,784,3,10,0.0005,0.0,3478,0.9684499502182007,4,w_sparsity_search weight_sparsity=0.01
34,w_sparsity_search,0.1,0.01,0.0,10,784,3,10,0.0005,0.0,3478,0.9671199917793274,5,w_sparsity_search weight_sparsity=0.01
35,w_sparsity_search,0.1,0.01,0.0,10,784,3,10,0.0005,0.0,3478,0.9645166993141174,6,w_sparsity_search weight_sparsity=0.01
36,w_sparsity_search,0.1,0.01,0.0,10,784,3,10,0.0005,0.0,3478,0.9582714438438416,7,w_sparsity_search weight_sparsity=0.01
37,w_sparsity_search,0.1,0.01,0.0,10,784,3,10,0.0005,0.0,3478,0.956262469291687,8,w_sparsity_search weight_sparsity=0.01
38,w_sparsity_search,0.1,0.01,0.0,10,784,3,10,0.0005,0.0,3478,0.9567888975143433,9,w_sparsity_search weight_sparsity=0.01
39,w_sparsity_search,0.1,0.01,0.0,10,784,3,10,0.0005,0.0,3478,0.951229989528656,10,w_sparsity_search weight_sparsity=0.01
40,w_sparsity_search,0.1,0.01,0.0,10,784,3,10,0.0005,0.0,7373,0.9727999567985535,1,w_sparsity_search weight_sparsity=0.01
41,w_sparsity_search,0.1,0.01,0.0,10,784,3,10,0.0005,0.0,7373,0.97489994764328,2,w_sparsity_search weight_sparsity=0.01
42,w_sparsity_search,0.1,0.01,0.0,10,784,3,10,0.0005,0.0,7373,0.9722999930381775,3,w_sparsity_search weight_sparsity=0.01
43,w_sparsity_search,0.1,0.01,0.0,10,784,3,10,0.0005,0.0,7373,0.969249963760376,4,w_sparsity_search weight_sparsity=0.01
44,w_sparsity_search,0.1,0.01,0.0,10,784,3,10,0.0005,0.0,7373,0.9661200046539307,5,w_sparsity_search weight_sparsity=0.01
45,w_sparsity_search,0.1,0.01,0.0,10,784,3,10,0.0005,0.0,7373,0.9634333252906799,6,w_sparsity_search weight_sparsity=0.01
46,w_sparsity_search,0.1,0.01,0.0,10,784,3,10,0.0005,0.0,7373,0.9576714038848877,7,w_sparsity_search weight_sparsity=0.01
47,w_sparsity_search,0.1,0.01,0.0,10,784,3,10,0.0005,0.0,7373,0.9536124467849731,8,w_sparsity_search weight_sparsity=0.01
48,w_sparsity_search,0.1,0.01,0.0,10,784,3,10,0.0005,0.0,7373,0.9534333348274231,9,w_sparsity_search weight_sparsity=0.01
49,w_sparsity_search,0.1,0.01,0.0,10,784,3,10,0.0005,0.0,7373,0.9506999850273132,10,w_sparsity_search weight_sparsity=0.01
50,w_sparsity_search,0.1,0.01,0.0,10,784,3,10,0.0005,0.0,6774,0.972000002861023,1,w_sparsity_search weight_sparsity=0.01
51,w_sparsity_search,0.1,0.01,0.0,10,784,3,10,0.0005,0.0,6774,0.9711999893188477,2,w_sparsity_search weight_sparsity=0.01
52,w_sparsity_search,0.1,0.01,0.0,10,784,3,10,0.0005,0.0,6774,0.9687333703041077,3,w_sparsity_search weight_sparsity=0.01
53,w_sparsity_search,0.1,0.01,0.0,10,784,3,10,0.0005,0.0,6774,0.9616749882698059,4,w_sparsity_search weight_sparsity=0.01
54,w_sparsity_search,0.1,0.01,0.0,10,784,3,10,0.0005,0.0,6774,0.9633399844169617,5,w_sparsity_search weight_sparsity=0.01
55,w_sparsity_search,0.1,0.01,0.0,10,784,3,10,0.0005,0.0,6774,0.9625666737556458,6,w_sparsity_search weight_sparsity=0.01
56,w_sparsity_search,0.1,0.01,0.0,10,784,3,10,0.0005,0.0,6774,0.9567285776138306,7,w_sparsity_search weight_sparsity=0.01
57,w_sparsity_search,0.1,0.01,0.0,10,784,3,10,0.0005,0.0,6774,0.9516624808311462,8,w_sparsity_search weight_sparsity=0.01
58,w_sparsity_search,0.1,0.01,0.0,10,784,3,10,0.0005,0.0,6774,0.9430333375930786,9,w_sparsity_search weight_sparsity=0.01
59,w_sparsity_search,0.1,0.01,0.0,10,784,3,10,0.0005,0.0,6774,0.9412599802017212,10,w_sparsity_search weight_sparsity=0.01
60,w_sparsity_search,0.1,0.01,0.0,10,784,3,10,0.0005,0.0,363,0.9734999537467957,1,w_sparsity_search weight_sparsity=0.01
61,w_sparsity_search,0.1,0.01,0.0,10,784,3,10,0.0005,0.0,363,0.9715999960899353,2,w_sparsity_search weight_sparsity=0.01
62,w_sparsity_search,0.1,0.01,0.0,10,784,3,10,0.0005,0.0,363,0.9672666788101196,3,w_sparsity_search weight_sparsity=0.01
63,w_sparsity_search,0.1,0.01,0.0,10,784,3,10,0.0005,0.0,363,0.962399959564209,4,w_sparsity_search weight_sparsity=0.01
64,w_sparsity_search,0.1,0.01,0.0,10,784,3,10,0.0005,0.0,363,0.9606199860572815,5,w_sparsity_search weight_sparsity=0.01
65,w_sparsity_search,0.1,0.01,0.0,10,784,3,10,0.0005,0.0,363,0.9616000056266785,6,w_sparsity_search weight_sparsity=0.01
66,w_sparsity_search,0.1,0.01,0.0,10,784,3,10,0.0005,0.0,363,0.9589285850524902,7,w_sparsity_search weight_sparsity=0.01
67,w_sparsity_search,0.1,0.01,0.0,10,784,3,10,0.0005,0.0,363,0.9535249471664429,8,w_sparsity_search weight_sparsity=0.01
68,w_sparsity_search,0.1,0.01,0.0,10,784,3,10,0.0005,0.0,363,0.9491888880729675,9,w_sparsity_search weight_sparsity=0.01
69,w_sparsity_search,0.1,0.01,0.0,10,784,3,10,0.0005,0.0,363,0.9432699680328369,10,w_sparsity_search weight_sparsity=0.01
70,w_sparsity_search,0.1,0.01,0.0,10,784,3,10,0.0005,0.0,2069,0.9696999788284302,1,w_sparsity_search weight_sparsity=0.01
71,w_sparsity_search,0.1,0.01,0.0,10,784,3,10,0.0005,0.0,2069,0.9675999879837036,2,w_sparsity_search weight_sparsity=0.01
72,w_sparsity_search,0.1,0.01,0.0,10,784,3,10,0.0005,0.0,2069,0.9643000364303589,3,w_sparsity_search weight_sparsity=0.01
73,w_sparsity_search,0.1,0.01,0.0,10,784,3,10,0.0005,0.0,2069,0.9613249897956848,4,w_sparsity_search weight_sparsity=0.01
74,w_sparsity_search,0.1,0.01,0.0,10,784,3,10,0.0005,0.0,2069,0.9620199799537659,5,w_sparsity_search weight_sparsity=0.01
75,w_sparsity_search,0.1,0.01,0.0,10,784,3,10,0.0005,0.0,2069,0.9604166746139526,6,w_sparsity_search weight_sparsity=0.01
76,w_sparsity_search,0.1,0.01,0.0,10,784,3,10,0.0005,0.0,2069,0.9572714567184448,7,w_sparsity_search weight_sparsity=0.01
77,w_sparsity_search,0.1,0.01,0.0,10,784,3,10,0.0005,0.0,2069,0.9556249976158142,8,w_sparsity_search weight_sparsity=0.01
78,w_sparsity_search,0.1,0.01,0.0,10,784,3,10,0.0005,0.0,2069,0.9524778127670288,9,w_sparsity_search weight_sparsity=0.01
79,w_sparsity_search,0.1,0.01,0.0,10,784,3,10,0.0005,0.0,2069,0.9477899670600891,10,w_sparsity_search weight_sparsity=0.01
80,w_sparsity_search,0.1,0.01,0.0,10,784,3,10,0.0005,0.0,7612,0.9724999666213989,1,w_sparsity_search weight_sparsity=0.01
81,w_sparsity_search,0.1,0.01,0.0,10,784,3,10,0.0005,0.0,7612,0.9717499613761902,2,w_sparsity_search weight_sparsity=0.01
82,w_sparsity_search,0.1,0.01,0.0,10,784,3,10,0.0005,0.0,7612,0.9718666672706604,3,w_sparsity_search weight_sparsity=0.01
83,w_sparsity_search,0.1,0.01,0.0,10,784,3,10,0.0005,0.0,7612,0.967074990272522,4,w_sparsity_search weight_sparsity=0.01
84,w_sparsity_search,0.1,0.01,0.0,10,784,3,10,0.0005,0.0,7612,0.9667799472808838,5,w_sparsity_search weight_sparsity=0.01
85,w_sparsity_search,0.1,0.01,0.0,10,784,3,10,0.0005,0.0,7612,0.9655333161354065,6,w_sparsity_search weight_sparsity=0.01
86,w_sparsity_search,0.1,0.01,0.0,10,784,3,10,0.0005,0.0,7612,0.9612857103347778,7,w_sparsity_search weight_sparsity=0.01
87,w_sparsity_search,0.1,0.01,0.0,10,784,3,10,0.0005,0.0,7612,0.9569875001907349,8,w_sparsity_search weight_sparsity=0.01
88,w_sparsity_search,0.1,0.01,0.0,10,784,3,10,0.0005,0.0,7612,0.9535778164863586,9,w_sparsity_search weight_sparsity=0.01
89,w_sparsity_search,0.1,0.01,0.0,10,784,3,10,0.0005,0.0,7612,0.9537799954414368,10,w_sparsity_search weight_sparsity=0.01
90,w_sparsity_search,0.1,0.01,0.0,10,784,3,10,0.0005,0.0,7391,0.9718999862670898,1,w_sparsity_search weight_sparsity=0.01
91,w_sparsity_search,0.1,0.01,0.0,10,784,3,10,0.0005,0.0,7391,0.9703999757766724,2,w_sparsity_search weight_sparsity=0.01
92,w_sparsity_search,0.1,0.01,0.0,10,784,3,10,0.0005,0.0,7391,0.9671666622161865,3,w_sparsity_search weight_sparsity=0.01
93,w_sparsity_search,0.1,0.01,0.0,10,784,3,10,0.0005,0.0,7391,0.958549976348877,4,w_sparsity_search weight_sparsity=0.01
94,w_sparsity_search,0.1,0.01,0.0,10,784,3,10,0.0005,0.0,7391,0.9539199471473694,5,w_sparsity_search weight_sparsity=0.01
95,w_sparsity_search,0.1,0.01,0.0,10,784,3,10,0.0005,0.0,7391,0.9496166706085205,6,w_sparsity_search weight_sparsity=0.01
96,w_sparsity_search,0.1,0.01,0.0,10,784,3,10,0.0005,0.0,7391,0.942128598690033,7,w_sparsity_search weight_sparsity=0.01
97,w_sparsity_search,0.1,0.01,0.0,10,784,3,10,0.0005,0.0,7391,0.9528625011444092,8,w_sparsity_search weight_sparsity=0.01
98,w_sparsity_search,0.1,0.01,0.0,10,784,3,10,0.0005,0.0,7391,0.9479555487632751,9,w_sparsity_search weight_sparsity=0.01
99,w_sparsity_search,0.1,0.01,0.0,10,784,3,10,0.0005,0.0,7391,0.9445499777793884,10,w_sparsity_search weight_sparsity=0.01
100,w_sparsity_search,0.1,0.05,0.0,10,784,3,10,0.0005,0.0,9607,0.9726999998092651,1,w_sparsity_search weight_sparsity=0.05
101,w_sparsity_search,0.1,0.05,0.0,10,784,3,10,0.0005,0.0,9607,0.9720999598503113,2,w_sparsity_search weight_sparsity=0.05
102,w_sparsity_search,0.1,0.05,0.0,10,784,3,10,0.0005,0.0,9607,0.9727333188056946,3,w_sparsity_search weight_sparsity=0.05
103,w_sparsity_search,0.1,0.05,0.0,10,784,3,10,0.0005,0.0,9607,0.9685249924659729,4,w_sparsity_search weight_sparsity=0.05
104,w_sparsity_search,0.1,0.05,0.0,10,784,3,10,0.0005,0.0,9607,0.9670400023460388,5,w_sparsity_search weight_sparsity=0.05
105,w_sparsity_search,0.1,0.05,0.0,10,784,3,10,0.0005,0.0,9607,0.9644500017166138,6,w_sparsity_search weight_sparsity=0.05
106,w_sparsity_search,0.1,0.05,0.0,10,784,3,10,0.0005,0.0,9607,0.9617000222206116,7,w_sparsity_search weight_sparsity=0.05
107,w_sparsity_search,0.1,0.05,0.0,10,784,3,10,0.0005,0.0,9607,0.9580124616622925,8,w_sparsity_search weight_sparsity=0.05
108,w_sparsity_search,0.1,0.05,0.0,10,784,3,10,0.0005,0.0,9607,0.9561333656311035,9,w_sparsity_search weight_sparsity=0.05
109,w_sparsity_search,0.1,0.05,0.0,10,784,3,10,0.0005,0.0,9607,0.9547699689865112,10,w_sparsity_search weight_sparsity=0.05
110,w_sparsity_search,0.1,0.05,0.0,10,784,3,10,0.0005,0.0,2479,0.9738999605178833,1,w_sparsity_search weight_sparsity=0.05
111,w_sparsity_search,0.1,0.05,0.0,10,784,3,10,0.0005,0.0,2479,0.9738499522209167,2,w_sparsity_search weight_sparsity=0.05
112,w_sparsity_search,0.1,0.05,0.0,10,784,3,10,0.0005,0.0,2479,0.972000002861023,3,w_sparsity_search weight_sparsity=0.05
113,w_sparsity_search,0.1,0.05,0.0,10,784,3,10,0.0005,0.0,2479,0.9678750038146973,4,w_sparsity_search weight_sparsity=0.05
114,w_sparsity_search,0.1,0.05,0.0,10,784,3,10,0.0005,0.0,2479,0.9650999903678894,5,w_sparsity_search weight_sparsity=0.05
115,w_sparsity_search,0.1,0.05,0.0,10,784,3,10,0.0005,0.0,2479,0.9631666541099548,6,w_sparsity_search weight_sparsity=0.05
116,w_sparsity_search,0.1,0.05,0.0,10,784,3,10,0.0005,0.0,2479,0.961571455001831,7,w_sparsity_search weight_sparsity=0.05
117,w_sparsity_search,0.1,0.05,0.0,10,784,3,10,0.0005,0.0,2479,0.9604249596595764,8,w_sparsity_search weight_sparsity=0.05
118,w_sparsity_search,0.1,0.05,0.0,10,784,3,10,0.0005,0.0,2479,0.9577555656433105,9,w_sparsity_search weight_sparsity=0.05
119,w_sparsity_search,0.1,0.05,0.0,10,784,3,10,0.0005,0.0,2479,0.9549499750137329,10,w_sparsity_search weight_sparsity=0.05
120,w_sparsity_search,0.1,0.05,0.0,10,784,3,10,0.0005,0.0,1146,0.9735999703407288,1,w_sparsity_search weight_sparsity=0.05
121,w_sparsity_search,0.1,0.05,0.0,10,784,3,10,0.0005,0.0,1146,0.9752999544143677,2,w_sparsity_search weight_sparsity=0.05
122,w_sparsity_search,0.1,0.05,0.0,10,784,3,10,0.0005,0.0,1146,0.971666693687439,3,w_sparsity_search weight_sparsity=0.05
123,w_sparsity_search,0.1,0.05,0.0,10,784,3,10,0.0005,0.0,1146,0.9663249850273132,4,w_sparsity_search weight_sparsity=0.05
124,w_sparsity_search,0.1,0.05,0.0,10,784,3,10,0.0005,0.0,1146,0.9668999910354614,5,w_sparsity_search weight_sparsity=0.05
125,w_sparsity_search,0.1,0.05,0.0,10,784,3,10,0.0005,0.0,1146,0.9657333493232727,6,w_sparsity_search weight_sparsity=0.05
126,w_sparsity_search,0.1,0.05,0.0,10,784,3,10,0.0005,0.0,1146,0.9610142707824707,7,w_sparsity_search weight_sparsity=0.05
127,w_sparsity_search,0.1,0.05,0.0,10,784,3,10,0.0005,0.0,1146,0.957337498664856,8,w_sparsity_search weight_sparsity=0.05
128,w_sparsity_search,0.1,0.05,0.0,10,784,3,10,0.0005,0.0,1146,0.9542778134346008,9,w_sparsity_search weight_sparsity=0.05
129,w_sparsity_search,0.1,0.05,0.0,10,784,3,10,0.0005,0.0,1146,0.9507099986076355,10,w_sparsity_search weight_sparsity=0.05
130,w_sparsity_search,0.1,0.05,0.0,10,784,3,10,0.0005,0.0,8972,0.9741999506950378,1,w_sparsity_search weight_sparsity=0.05
131,w_sparsity_search,0.1,0.05,0.0,10,784,3,10,0.0005,0.0,8972,0.9718499779701233,2,w_sparsity_search weight_sparsity=0.05
132,w_sparsity_search,0.1,0.05,0.0,10,784,3,10,0.0005,0.0,8972,0.9717000126838684,3,w_sparsity_search weight_sparsity=0.05
133,w_sparsity_search,0.1,0.05,0.0,10,784,3,10,0.0005,0.0,8972,0.9648000001907349,4,w_sparsity_search weight_sparsity=0.05
134,w_sparsity_search,0.1,0.05,0.0,10,784,3,10,0.0005,0.0,8972,0.9651399850845337,5,w_sparsity_search weight_sparsity=0.05
135,w_sparsity_search,0.1,0.05,0.0,10,784,3,10,0.0005,0.0,8972,0.9627500176429749,6,w_sparsity_search weight_sparsity=0.05
136,w_sparsity_search,0.1,0.05,0.0,10,784,3,10,0.0005,0.0,8972,0.9581999778747559,7,w_sparsity_search weight_sparsity=0.05
137,w_sparsity_search,0.1,0.05,0.0,10,784,3,10,0.0005,0.0,8972,0.9549874663352966,8,w_sparsity_search weight_sparsity=0.05
138,w_sparsity_search,0.1,0.05,0.0,10,784,3,10,0.0005,0.0,8972,0.953344464302063,9,w_sparsity_search weight_sparsity=0.05
139,w_sparsity_search,0.1,0.05,0.0,10,784,3,10,0.0005,0.0,8972,0.9498599767684937,10,w_sparsity_search weight_sparsity=0.05
140,w_sparsity_search,0.1,0.05,0.0,10,784,3,10,0.0005,0.0,8260,0.973099946975708,1,w_sparsity_search weight_sparsity=0.05
141,w_sparsity_search,0.1,0.05,0.0,10,784,3,10,0.0005,0.0,8260,0.9714499711990356,2,w_sparsity_search weight_sparsity=0.05
142,w_sparsity_search,0.1,0.05,0.0,10,784,3,10,0.0005,0.0,8260,0.9673666954040527,3,w_sparsity_search weight_sparsity=0.05
143,w_sparsity_search,0.1,0.05,0.0,10,784,3,10,0.0005,0.0,8260,0.9635999798774719,4,w_sparsity_search weight_sparsity=0.05
144,w_sparsity_search,0.1,0.05,0.0,10,784,3,10,0.0005,0.0,8260,0.9629600048065186,5,w_sparsity_search weight_sparsity=0.05
145,w_sparsity_search,0.1,0.05,0.0,10,784,3,10,0.0005,0.0,8260,0.9631167054176331,6,w_sparsity_search weight_sparsity=0.05
146,w_sparsity_search,0.1,0.05,0.0,10,784,3,10,0.0005,0.0,8260,0.9574714303016663,7,w_sparsity_search weight_sparsity=0.05
147,w_sparsity_search,0.1,0.05,0.0,10,784,3,10,0.0005,0.0,8260,0.9559999704360962,8,w_sparsity_search weight_sparsity=0.05
148,w_sparsity_search,0.1,0.05,0.0,10,784,3,10,0.0005,0.0,8260,0.9451777935028076,9,w_sparsity_search weight_sparsity=0.05
149,w_sparsity_search,0.1,0.05,0.0,10,784,3,10,0.0005,0.0,8260,0.9388399720191956,10,w_sparsity_search weight_sparsity=0.05
150,w_sparsity_search,0.1,0.05,0.0,10,784,3,10,0.0005,0.0,9216,0.9696999788284302,1,w_sparsity_search weight_sparsity=0.05
151,w_sparsity_search,0.1,0.05,0.0,10,784,3,10,0.0005,0.0,9216,0.9703999757766724,2,w_sparsity_search weight_sparsity=0.05
152,w_sparsity_search,0.1,0.05,0.0,10,784,3,10,0.0005,0.0,9216,0.9685333371162415,3,w_sparsity_search weight_sparsity=0.05
153,w_sparsity_search,0.1,0.05,0.0,10,784,3,10,0.0005,0.0,9216,0.9649749994277954,4,w_sparsity_search weight_sparsity=0.05
154,w_sparsity_search,0.1,0.05,0.0,10,784,3,10,0.0005,0.0,9216,0.9637599587440491,5,w_sparsity_search weight_sparsity=0.05
155,w_sparsity_search,0.1,0.05,0.0,10,784,3,10,0.0005,0.0,9216,0.9615333676338196,6,w_sparsity_search weight_sparsity=0.05
156,w_sparsity_search,0.1,0.05,0.0,10,784,3,10,0.0005,0.0,9216,0.9549857378005981,7,w_sparsity_search weight_sparsity=0.05
157,w_sparsity_search,0.1,0.05,0.0,10,784,3,10,0.0005,0.0,9216,0.9497874975204468,8,w_sparsity_search weight_sparsity=0.05
158,w_sparsity_search,0.1,0.05,0.0,10,784,3,10,0.0005,0.0,9216,0.9476667046546936,9,w_sparsity_search weight_sparsity=0.05
159,w_sparsity_search,0.1,0.05,0.0,10,784,3,10,0.0005,0.0,9216,0.9453499913215637,10,w_sparsity_search weight_sparsity=0.05
160,w_sparsity_search,0.1,0.05,0.0,10,784,3,10,0.0005,0.0,7842,0.9718999862670898,1,w_sparsity_search weight_sparsity=0.05
161,w_sparsity_search,0.1,0.05,0.0,10,784,3,10,0.0005,0.0,7842,0.9727999567985535,2,w_sparsity_search weight_sparsity=0.05
162,w_sparsity_search,0.1,0.05,0.0,10,784,3,10,0.0005,0.0,7842,0.9700666666030884,3,w_sparsity_search weight_sparsity=0.05
163,w_sparsity_search,0.1,0.05,0.0,10,784,3,10,0.0005,0.0,7842,0.9642499685287476,4,w_sparsity_search weight_sparsity=0.05
164,w_sparsity_search,0.1,0.05,0.0,10,784,3,10,0.0005,0.0,7842,0.9639999866485596,5,w_sparsity_search weight_sparsity=0.05
165,w_sparsity_search,0.1,0.05,0.0,10,784,3,10,0.0005,0.0,7842,0.9629166722297668,6,w_sparsity_search weight_sparsity=0.05
166,w_sparsity_search,0.1,0.05,0.0,10,784,3,10,0.0005,0.0,7842,0.961728572845459,7,w_sparsity_search weight_sparsity=0.05
167,w_sparsity_search,0.1,0.05,0.0,10,784,3,10,0.0005,0.0,7842,0.9590749740600586,8,w_sparsity_search weight_sparsity=0.05
168,w_sparsity_search,0.1,0.05,0.0,10,784,3,10,0.0005,0.0,7842,0.9576333165168762,9,w_sparsity_search weight_sparsity=0.05
169,w_sparsity_search,0.1,0.05,0.0,10,784,3,10,0.0005,0.0,7842,0.9565199613571167,10,w_sparsity_search weight_sparsity=0.05
170,w_sparsity_search,0.1,0.05,0.0,10,784,3,10,0.0005,0.0,2034,0.9699999690055847,1,w_sparsity_search weight_sparsity=0.05
171,w_sparsity_search,0.1,0.05,0.0,10,784,3,10,0.0005,0.0,2034,0.9706999659538269,2,w_sparsity_search weight_sparsity=0.05
172,w_sparsity_search,0.1,0.05,0.0,10,784,3,10,0.0005,0.0,2034,0.968666672706604,3,w_sparsity_search weight_sparsity=0.05
173,w_sparsity_search,0.1,0.05,0.0,10,784,3,10,0.0005,0.0,2034,0.965624988079071,4,w_sparsity_search weight_sparsity=0.05
174,w_sparsity_search,0.1,0.05,0.0,10,784,3,10,0.0005,0.0,2034,0.9647199511528015,5,w_sparsity_search weight_sparsity=0.05
175,w_sparsity_search,0.1,0.05,0.0,10,784,3,10,0.0005,0.0,2034,0.9642166495323181,6,w_sparsity_search weight_sparsity=0.05
176,w_sparsity_search,0.1,0.05,0.0,10,784,3,10,0.0005,0.0,2034,0.9626428484916687,7,w_sparsity_search weight_sparsity=0.05
177,w_sparsity_search,0.1,0.05,0.0,10,784,3,10,0.0005,0.0,2034,0.961062490940094,8,w_sparsity_search weight_sparsity=0.05
178,w_sparsity_search,0.1,0.05,0.0,10,784,3,10,0.0005,0.0,2034,0.9578555822372437,9,w_sparsity_search weight_sparsity=0.05
179,w_sparsity_search,0.1,0.05,0.0,10,784,3,10,0.0005,0.0,2034,0.9490000009536743,10,w_sparsity_search weight_sparsity=0.05
180,w_sparsity_search,0.1,0.05,0.0,10,784,3,10,0.0005,0.0,2681,0.9726999998092651,1,w_sparsity_search weight_sparsity=0.05
181,w_sparsity_search,0.1,0.05,0.0,10,784,3,10,0.0005,0.0,2681,0.9724999666213989,2,w_sparsity_search weight_sparsity=0.05
182,w_sparsity_search,0.1,0.05,0.0,10,784,3,10,0.0005,0.0,2681,0.9699000120162964,3,w_sparsity_search weight_sparsity=0.05
183,w_sparsity_search,0.1,0.05,0.0,10,784,3,10,0.0005,0.0,2681,0.9623249769210815,4,w_sparsity_search weight_sparsity=0.05
184,w_sparsity_search,0.1,0.05,0.0,10,784,3,10,0.0005,0.0,2681,0.9633199572563171,5,w_sparsity_search weight_sparsity=0.05
185,w_sparsity_search,0.1,0.05,0.0,10,784,3,10,0.0005,0.0,2681,0.9617833495140076,6,w_sparsity_search weight_sparsity=0.05
186,w_sparsity_search,0.1,0.05,0.0,10,784,3,10,0.0005,0.0,2681,0.9576571583747864,7,w_sparsity_search weight_sparsity=0.05
187,w_sparsity_search,0.1,0.05,0.0,10,784,3,10,0.0005,0.0,2681,0.9560749530792236,8,w_sparsity_search weight_sparsity=0.05
188,w_sparsity_search,0.1,0.05,0.0,10,784,3,10,0.0005,0.0,2681,0.9517778158187866,9,w_sparsity_search weight_sparsity=0.05
189,w_sparsity_search,0.1,0.05,0.0,10,784,3,10,0.0005,0.0,2681,0.9492299556732178,10,w_sparsity_search weight_sparsity=0.05
190,w_sparsity_search,0.1,0.05,0.0,10,784,3,10,0.0005,0.0,1929,0.9715999960899353,1,w_sparsity_search weight_sparsity=0.05
191,w_sparsity_search,0.1,0.05,0.0,10,784,3,10,0.0005,0.0,1929,0.967799961566925,2,w_sparsity_search weight_sparsity=0.05
192,w_sparsity_search,0.1,0.05,0.0,10,784,3,10,0.0005,0.0,1929,0.9671666622161865,3,w_sparsity_search weight_sparsity=0.05
193,w_sparsity_search,0.1,0.05,0.0,10,784,3,10,0.0005,0.0,1929,0.9629249572753906,4,w_sparsity_search weight_sparsity=0.05
194,w_sparsity_search,0.1,0.05,0.0,10,784,3,10,0.0005,0.0,1929,0.9608999490737915,5,w_sparsity_search weight_sparsity=0.05
195,w_sparsity_search,0.1,0.05,0.0,10,784,3,10,0.0005,0.0,1929,0.9604499936103821,6,w_sparsity_search weight_sparsity=0.05
196,w_sparsity_search,0.1,0.05,0.0,10,784,3,10,0.0005,0.0,1929,0.9564571380615234,7,w_sparsity_search weight_sparsity=0.05
197,w_sparsity_search,0.1,0.05,0.0,10,784,3,10,0.0005,0.0,1929,0.9533499479293823,8,w_sparsity_search weight_sparsity=0.05
198,w_sparsity_search,0.1,0.05,0.0,10,784,3,10,0.0005,0.0,1929,0.9539222121238708,9,w_sparsity_search weight_sparsity=0.05
199,w_sparsity_search,0.1,0.05,0.0,10,784,3,10,0.0005,0.0,1929,0.9485999941825867,10,w_sparsity_search weight_sparsity=0.05
200,w_sparsity_search,0.1,0.1,0.0,10,784,3,10,0.0005,0.0,7659,0.9721999764442444,1,w_sparsity_search weight_sparsity=0.1
201,w_sparsity_search,0.1,0.1,0.0,10,784,3,10,0.0005,0.0,7659,0.97079998254776,2,w_sparsity_search weight_sparsity=0.1
202,w_sparsity_search,0.1,0.1,0.0,10,784,3,10,0.0005,0.0,7659,0.9699333310127258,3,w_sparsity_search weight_sparsity=0.1
203,w_sparsity_search,0.1,0.1,0.0,10,784,3,10,0.0005,0.0,7659,0.9646749496459961,4,w_sparsity_search weight_sparsity=0.1
204,w_sparsity_search,0.1,0.1,0.0,10,784,3,10,0.0005,0.0,7659,0.9609799981117249,5,w_sparsity_search weight_sparsity=0.1
205,w_sparsity_search,0.1,0.1,0.0,10,784,3,10,0.0005,0.0,7659,0.9603999853134155,6,w_sparsity_search weight_sparsity=0.1
206,w_sparsity_search,0.1,0.1,0.0,10,784,3,10,0.0005,0.0,7659,0.9557999968528748,7,w_sparsity_search weight_sparsity=0.1
207,w_sparsity_search,0.1,0.1,0.0,10,784,3,10,0.0005,0.0,7659,0.9578749537467957,8,w_sparsity_search weight_sparsity=0.1
208,w_sparsity_search,0.1,0.1,0.0,10,784,3,10,0.0005,0.0,7659,0.9526111483573914,9,w_sparsity_search weight_sparsity=0.1
209,w_sparsity_search,0.1,0.1,0.0,10,784,3,10,0.0005,0.0,7659,0.9488299489021301,10,w_sparsity_search weight_sparsity=0.1
210,w_sparsity_search,0.1,0.1,0.0,10,784,3,10,0.0005,0.0,2476,0.9710999727249146,1,w_sparsity_search weight_sparsity=0.1
211,w_sparsity_search,0.1,0.1,0.0,10,784,3,10,0.0005,0.0,2476,0.9700499773025513,2,w_sparsity_search weight_sparsity=0.1
212,w_sparsity_search,0.1,0.1,0.0,10,784,3,10,0.0005,0.0,2476,0.9672333598136902,3,w_sparsity_search weight_sparsity=0.1
213,w_sparsity_search,0.1,0.1,0.0,10,784,3,10,0.0005,0.0,2476,0.962274968624115,4,w_sparsity_search weight_sparsity=0.1
214,w_sparsity_search,0.1,0.1,0.0,10,784,3,10,0.0005,0.0,2476,0.9608799815177917,5,w_sparsity_search weight_sparsity=0.1
215,w_sparsity_search,0.1,0.1,0.0,10,784,3,10,0.0005,0.0,2476,0.9597833156585693,6,w_sparsity_search weight_sparsity=0.1
216,w_sparsity_search,0.1,0.1,0.0,10,784,3,10,0.0005,0.0,2476,0.9585428833961487,7,w_sparsity_search weight_sparsity=0.1
217,w_sparsity_search,0.1,0.1,0.0,10,784,3,10,0.0005,0.0,2476,0.9569624662399292,8,w_sparsity_search weight_sparsity=0.1
218,w_sparsity_search,0.1,0.1,0.0,10,784,3,10,0.0005,0.0,2476,0.9544444680213928,9,w_sparsity_search weight_sparsity=0.1
219,w_sparsity_search,0.1,0.1,0.0,10,784,3,10,0.0005,0.0,2476,0.9504299759864807,10,w_sparsity_search weight_sparsity=0.1
220,w_sparsity_search,0.1,0.1,0.0,10,784,3,10,0.0005,0.0,5164,0.9693999886512756,1,w_sparsity_search weight_sparsity=0.1
221,w_sparsity_search,0.1,0.1,0.0,10,784,3,10,0.0005,0.0,5164,0.9716500043869019,2,w_sparsity_search weight_sparsity=0.1
222,w_sparsity_search,0.1,0.1,0.0,10,784,3,10,0.0005,0.0,5164,0.9681000113487244,3,w_sparsity_search weight_sparsity=0.1
223,w_sparsity_search,0.1,0.1,0.0,10,784,3,10,0.0005,0.0,5164,0.9595999717712402,4,w_sparsity_search weight_sparsity=0.1
224,w_sparsity_search,0.1,0.1,0.0,10,784,3,10,0.0005,0.0,5164,0.9588599801063538,5,w_sparsity_search weight_sparsity=0.1
225,w_sparsity_search,0.1,0.1,0.0,10,784,3,10,0.0005,0.0,5164,0.9562667012214661,6,w_sparsity_search weight_sparsity=0.1
226,w_sparsity_search,0.1,0.1,0.0,10,784,3,10,0.0005,0.0,5164,0.9523571729660034,7,w_sparsity_search weight_sparsity=0.1
227,w_sparsity_search,0.1,0.1,0.0,10,784,3,10,0.0005,0.0,5164,0.9522374868392944,8,w_sparsity_search weight_sparsity=0.1
228,w_sparsity_search,0.1,0.1,0.0,10,784,3,10,0.0005,0.0,5164,0.951033353805542,9,w_sparsity_search weight_sparsity=0.1
229,w_sparsity_search,0.1,0.1,0.0,10,784,3,10,0.0005,0.0,5164,0.9451799988746643,10,w_sparsity_search weight_sparsity=0.1
230,w_sparsity_search,0.1,0.1,0.0,10,784,3,10,0.0005,0.0,1033,0.9726999998092651,1,w_sparsity_search weight_sparsity=0.1
231,w_sparsity_search,0.1,0.1,0.0,10,784,3,10,0.0005,0.0,1033,0.9713999629020691,2,w_sparsity_search weight_sparsity=0.1
232,w_sparsity_search,0.1,0.1,0.0,10,784,3,10,0.0005,0.0,1033,0.9682666659355164,3,w_sparsity_search weight_sparsity=0.1
233,w_sparsity_search,0.1,0.1,0.0,10,784,3,10,0.0005,0.0,1033,0.9651999473571777,4,w_sparsity_search weight_sparsity=0.1
234,w_sparsity_search,0.1,0.1,0.0,10,784,3,10,0.0005,0.0,1033,0.9620999693870544,5,w_sparsity_search weight_sparsity=0.1
235,w_sparsity_search,0.1,0.1,0.0,10,784,3,10,0.0005,0.0,1033,0.9625499844551086,6,w_sparsity_search weight_sparsity=0.1
236,w_sparsity_search,0.1,0.1,0.0,10,784,3,10,0.0005,0.0,1033,0.96198570728302,7,w_sparsity_search weight_sparsity=0.1
237,w_sparsity_search,0.1,0.1,0.0,10,784,3,10,0.0005,0.0,1033,0.9594374895095825,8,w_sparsity_search weight_sparsity=0.1
238,w_sparsity_search,0.1,0.1,0.0,10,784,3,10,0.0005,0.0,1033,0.9589222073554993,9,w_sparsity_search weight_sparsity=0.1
239,w_sparsity_search,0.1,0.1,0.0,10,784,3,10,0.0005,0.0,1033,0.9569799900054932,10,w_sparsity_search weight_sparsity=0.1
240,w_sparsity_search,0.1,0.1,0.0,10,784,3,10,0.0005,0.0,8491,0.9721999764442444,1,w_sparsity_search weight_sparsity=0.1
241,w_sparsity_search,0.1,0.1,0.0,10,784,3,10,0.0005,0.0,8491,0.9721999764442444,2,w_sparsity_search weight_sparsity=0.1
242,w_sparsity_search,0.1,0.1,0.0,10,784,3,10,0.0005,0.0,8491,0.9694333672523499,3,w_sparsity_search weight_sparsity=0.1
243,w_sparsity_search,0.1,0.1,0.0,10,784,3,10,0.0005,0.0,8491,0.9660499691963196,4,w_sparsity_search weight_sparsity=0.1
244,w_sparsity_search,0.1,0.1,0.0,10,784,3,10,0.0005,0.0,8491,0.9656999707221985,5,w_sparsity_search weight_sparsity=0.1
245,w_sparsity_search,0.1,0.1,0.0,10,784,3,10,0.0005,0.0,8491,0.9639833569526672,6,w_sparsity_search weight_sparsity=0.1
246,w_sparsity_search,0.1,0.1,0.0,10,784,3,10,0.0005,0.0,8491,0.9613857269287109,7,w_sparsity_search weight_sparsity=0.1
247,w_sparsity_search,0.1,0.1,0.0,10,784,3,10,0.0005,0.0,8491,0.9585374593734741,8,w_sparsity_search weight_sparsity=0.1
248,w_sparsity_search,0.1,0.1,0.0,10,784,3,10,0.0005,0.0,8491,0.9568777680397034,9,w_sparsity_search weight_sparsity=0.1
249,w_sparsity_search,0.1,0.1,0.0,10,784,3,10,0.0005,0.0,8491,0.9564799666404724,10,w_sparsity_search weight_sparsity=0.1
250,w_sparsity_search,0.1,0.1,0.0,10,784,3,10,0.0005,0.0,4862,0.9716999530792236,1,w_sparsity_search weight_sparsity=0.1
251,w_sparsity_search,0.1,0.1,0.0,10,784,3,10,0.0005,0.0,4862,0.9713499546051025,2,w_sparsity_search weight_sparsity=0.1
252,w_sparsity_search,0.1,0.1,0.0,10,784,3,10,0.0005,0.0,4862,0.9693999886512756,3,w_sparsity_search weight_sparsity=0.1
253,w_sparsity_search,0.1,0.1,0.0,10,784,3,10,0.0005,0.0,4862,0.9659249782562256,4,w_sparsity_search weight_sparsity=0.1
254,w_sparsity_search,0.1,0.1,0.0,10,784,3,10,0.0005,0.0,4862,0.9617999792098999,5,w_sparsity_search weight_sparsity=0.1
255,w_sparsity_search,0.1,0.1,0.0,10,784,3,10,0.0005,0.0,4862,0.9592333436012268,6,w_sparsity_search weight_sparsity=0.1
256,w_sparsity_search,0.1,0.1,0.0,10,784,3,10,0.0005,0.0,4862,0.9558428525924683,7,w_sparsity_search weight_sparsity=0.1
257,w_sparsity_search,0.1,0.1,0.0,10,784,3,10,0.0005,0.0,4862,0.9536999464035034,8,w_sparsity_search weight_sparsity=0.1
258,w_sparsity_search,0.1,0.1,0.0,10,784,3,10,0.0005,0.0,4862,0.9540333151817322,9,w_sparsity_search weight_sparsity=0.1
259,w_sparsity_search,0.1,0.1,0.0,10,784,3,10,0.0005,0.0,4862,0.9515999555587769,10,w_sparsity_search weight_sparsity=0.1
260,w_sparsity_search,0.1,0.1,0.0,10,784,3,10,0.0005,0.0,9700,0.9704999923706055,1,w_sparsity_search weight_sparsity=0.1
261,w_sparsity_search,0.1,0.1,0.0,10,784,3,10,0.0005,0.0,9700,0.9709999561309814,2,w_sparsity_search weight_sparsity=0.1
262,w_sparsity_search,0.1,0.1,0.0,10,784,3,10,0.0005,0.0,9700,0.970300018787384,3,w_sparsity_search weight_sparsity=0.1
263,w_sparsity_search,0.1,0.1,0.0,10,784,3,10,0.0005,0.0,9700,0.9655749797821045,4,w_sparsity_search weight_sparsity=0.1
264,w_sparsity_search,0.1,0.1,0.0,10,784,3,10,0.0005,0.0,9700,0.962619960308075,5,w_sparsity_search weight_sparsity=0.1
265,w_sparsity_search,0.1,0.1,0.0,10,784,3,10,0.0005,0.0,9700,0.9589000344276428,6,w_sparsity_search weight_sparsity=0.1
266,w_sparsity_search,0.1,0.1,0.0,10,784,3,10,0.0005,0.0,9700,0.9534428715705872,7,w_sparsity_search weight_sparsity=0.1
267,w_sparsity_search,0.1,0.1,0.0,10,784,3,10,0.0005,0.0,9700,0.9518125057220459,8,w_sparsity_search weight_sparsity=0.1
268,w_sparsity_search,0.1,0.1,0.0,10,784,3,10,0.0005,0.0,9700,0.9558777809143066,9,w_sparsity_search weight_sparsity=0.1
269,w_sparsity_search,0.1,0.1,0.0,10,784,3,10,0.0005,0.0,9700,0.9528999924659729,10,w_sparsity_search weight_sparsity=0.1
270,w_sparsity_search,0.1,0.1,0.0,10,784,3,10,0.0005,0.0,3008,0.9718999862670898,1,w_sparsity_search weight_sparsity=0.1
271,w_sparsity_search,0.1,0.1,0.0,10,784,3,10,0.0005,0.0,3008,0.9726499915122986,2,w_sparsity_search weight_sparsity=0.1
272,w_sparsity_search,0.1,0.1,0.0,10,784,3,10,0.0005,0.0,3008,0.97079998254776,3,w_sparsity_search weight_sparsity=0.1
273,w_sparsity_search,0.1,0.1,0.0,10,784,3,10,0.0005,0.0,3008,0.9669749736785889,4,w_sparsity_search weight_sparsity=0.1
274,w_sparsity_search,0.1,0.1,0.0,10,784,3,10,0.0005,0.0,3008,0.9630199670791626,5,w_sparsity_search weight_sparsity=0.1
275,w_sparsity_search,0.1,0.1,0.0,10,784,3,10,0.0005,0.0,3008,0.9627166986465454,6,w_sparsity_search weight_sparsity=0.1
276,w_sparsity_search,0.1,0.1,0.0,10,784,3,10,0.0005,0.0,3008,0.9591428637504578,7,w_sparsity_search weight_sparsity=0.1
277,w_sparsity_search,0.1,0.1,0.0,10,784,3,10,0.0005,0.0,3008,0.9605499505996704,8,w_sparsity_search weight_sparsity=0.1
278,w_sparsity_search,0.1,0.1,0.0,10,784,3,10,0.0005,0.0,3008,0.9582222104072571,9,w_sparsity_search weight_sparsity=0.1
279,w_sparsity_search,0.1,0.1,0.0,10,784,3,10,0.0005,0.0,3008,0.9574699997901917,10,w_sparsity_search weight_sparsity=0.1
280,w_sparsity_search,0.1,0.1,0.0,10,784,3,10,0.0005,0.0,3052,0.9749999642372131,1,w_sparsity_search weight_sparsity=0.1
281,w_sparsity_search,0.1,0.1,0.0,10,784,3,10,0.0005,0.0,3052,0.9729499816894531,2,w_sparsity_search weight_sparsity=0.1
282,w_sparsity_search,0.1,0.1,0.0,10,784,3,10,0.0005,0.0,3052,0.9712333679199219,3,w_sparsity_search weight_sparsity=0.1
283,w_sparsity_search,0.1,0.1,0.0,10,784,3,10,0.0005,0.0,3052,0.9645499587059021,4,w_sparsity_search weight_sparsity=0.1
284,w_sparsity_search,0.1,0.1,0.0,10,784,3,10,0.0005,0.0,3052,0.9625399708747864,5,w_sparsity_search weight_sparsity=0.1
285,w_sparsity_search,0.1,0.1,0.0,10,784,3,10,0.0005,0.0,3052,0.9594166874885559,6,w_sparsity_search weight_sparsity=0.1
286,w_sparsity_search,0.1,0.1,0.0,10,784,3,10,0.0005,0.0,3052,0.9557714462280273,7,w_sparsity_search weight_sparsity=0.1
287,w_sparsity_search,0.1,0.1,0.0,10,784,3,10,0.0005,0.0,3052,0.9568874835968018,8,w_sparsity_search weight_sparsity=0.1
288,w_sparsity_search,0.1,0.1,0.0,10,784,3,10,0.0005,0.0,3052,0.9533555507659912,9,w_sparsity_search weight_sparsity=0.1
289,w_sparsity_search,0.1,0.1,0.0,10,784,3,10,0.0005,0.0,3052,0.9521899819374084,10,w_sparsity_search weight_sparsity=0.1
290,w_sparsity_search,0.1,0.1,0.0,10,784,3,10,0.0005,0.0,7129,0.9684999585151672,1,w_sparsity_search weight_sparsity=0.1
291,w_sparsity_search,0.1,0.1,0.0,10,784,3,10,0.0005,0.0,7129,0.9685999751091003,2,w_sparsity_search weight_sparsity=0.1
292,w_sparsity_search,0.1,0.1,0.0,10,784,3,10,0.0005,0.0,7129,0.9692333340644836,3,w_sparsity_search weight_sparsity=0.1
293,w_sparsity_search,0.1,0.1,0.0,10,784,3,10,0.0005,0.0,7129,0.9674749970436096,4,w_sparsity_search weight_sparsity=0.1
294,w_sparsity_search,0.1,0.1,0.0,10,784,3,10,0.0005,0.0,7129,0.9642799496650696,5,w_sparsity_search weight_sparsity=0.1
295,w_sparsity_search,0.1,0.1,0.0,10,784,3,10,0.0005,0.0,7129,0.9637666940689087,6,w_sparsity_search weight_sparsity=0.1
296,w_sparsity_search,0.1,0.1,0.0,10,784,3,10,0.0005,0.0,7129,0.9611285924911499,7,w_sparsity_search weight_sparsity=0.1
297,w_sparsity_search,0.1,0.1,0.0,10,784,3,10,0.0005,0.0,7129,0.9545499682426453,8,w_sparsity_search weight_sparsity=0.1
298,w_sparsity_search,0.1,0.1,0.0,10,784,3,10,0.0005,0.0,7129,0.9532999992370605,9,w_sparsity_search weight_sparsity=0.1
299,w_sparsity_search,0.1,0.1,0.0,10,784,3,10,0.0005,0.0,7129,0.9498899579048157,10,w_sparsity_search weight_sparsity=0.1
300,w_sparsity_search,0.1,0.5,0.0,10,784,3,10,0.0005,0.0,793,0.9692999720573425,1,w_sparsity_search weight_sparsity=0.5
301,w_sparsity_search,0.1,0.5,0.0,10,784,3,10,0.0005,0.0,793,0.9693499803543091,2,w_sparsity_search weight_sparsity=0.5
302,w_sparsity_search,0.1,0.5,0.0,10,784,3,10,0.0005,0.0,793,0.9659667015075684,3,w_sparsity_search weight_sparsity=0.5
303,w_sparsity_search,0.1,0.5,0.0,10,784,3,10,0.0005,0.0,793,0.9647249579429626,4,w_sparsity_search weight_sparsity=0.5
304,w_sparsity_search,0.1,0.5,0.0,10,784,3,10,0.0005,0.0,793,0.9607399702072144,5,w_sparsity_search weight_sparsity=0.5
305,w_sparsity_search,0.1,0.5,0.0,10,784,3,10,0.0005,0.0,793,0.9595666527748108,6,w_sparsity_search weight_sparsity=0.5
306,w_sparsity_search,0.1,0.5,0.0,10,784,3,10,0.0005,0.0,793,0.9562285542488098,7,w_sparsity_search weight_sparsity=0.5
307,w_sparsity_search,0.1,0.5,0.0,10,784,3,10,0.0005,0.0,793,0.9484374523162842,8,w_sparsity_search weight_sparsity=0.5
308,w_sparsity_search,0.1,0.5,0.0,10,784,3,10,0.0005,0.0,793,0.9481889009475708,9,w_sparsity_search weight_sparsity=0.5
309,w_sparsity_search,0.1,0.5,0.0,10,784,3,10,0.0005,0.0,793,0.9465199708938599,10,w_sparsity_search weight_sparsity=0.5
310,w_sparsity_search,0.1,0.5,0.0,10,784,3,10,0.0005,0.0,86,0.9686999917030334,1,w_sparsity_search weight_sparsity=0.5
311,w_sparsity_search,0.1,0.5,0.0,10,784,3,10,0.0005,0.0,86,0.9681499600410461,2,w_sparsity_search weight_sparsity=0.5
312,w_sparsity_search,0.1,0.5,0.0,10,784,3,10,0.0005,0.0,86,0.965233325958252,3,w_sparsity_search weight_sparsity=0.5
313,w_sparsity_search,0.1,0.5,0.0,10,784,3,10,0.0005,0.0,86,0.961074948310852,4,w_sparsity_search weight_sparsity=0.5
314,w_sparsity_search,0.1,0.5,0.0,10,784,3,10,0.0005,0.0,86,0.958899974822998,5,w_sparsity_search weight_sparsity=0.5
315,w_sparsity_search,0.1,0.5,0.0,10,784,3,10,0.0005,0.0,86,0.9585333466529846,6,w_sparsity_search weight_sparsity=0.5
316,w_sparsity_search,0.1,0.5,0.0,10,784,3,10,0.0005,0.0,86,0.9547285437583923,7,w_sparsity_search weight_sparsity=0.5
317,w_sparsity_search,0.1,0.5,0.0,10,784,3,10,0.0005,0.0,86,0.9506499767303467,8,w_sparsity_search weight_sparsity=0.5
318,w_sparsity_search,0.1,0.5,0.0,10,784,3,10,0.0005,0.0,86,0.9489444494247437,9,w_sparsity_search weight_sparsity=0.5
319,w_sparsity_search,0.1,0.5,0.0,10,784,3,10,0.0005,0.0,86,0.9478999972343445,10,w_sparsity_search weight_sparsity=0.5
320,w_sparsity_search,0.1,0.5,0.0,10,784,3,10,0.0005,0.0,392,0.9679999947547913,1,w_sparsity_search weight_sparsity=0.5
321,w_sparsity_search,0.1,0.5,0.0,10,784,3,10,0.0005,0.0,392,0.967199981212616,2,w_sparsity_search weight_sparsity=0.5
322,w_sparsity_search,0.1,0.5,0.0,10,784,3,10,0.0005,0.0,392,0.9640666842460632,3,w_sparsity_search weight_sparsity=0.5
323,w_sparsity_search,0.1,0.5,0.0,10,784,3,10,0.0005,0.0,392,0.9603999853134155,4,w_sparsity_search weight_sparsity=0.5
324,w_sparsity_search,0.1,0.5,0.0,10,784,3,10,0.0005,0.0,392,0.9589399695396423,5,w_sparsity_search weight_sparsity=0.5
325,w_sparsity_search,0.1,0.5,0.0,10,784,3,10,0.0005,0.0,392,0.9593499898910522,6,w_sparsity_search weight_sparsity=0.5
326,w_sparsity_search,0.1,0.5,0.0,10,784,3,10,0.0005,0.0,392,0.9553999900817871,7,w_sparsity_search weight_sparsity=0.5
327,w_sparsity_search,0.1,0.5,0.0,10,784,3,10,0.0005,0.0,392,0.9514124989509583,8,w_sparsity_search weight_sparsity=0.5
328,w_sparsity_search,0.1,0.5,0.0,10,784,3,10,0.0005,0.0,392,0.949577808380127,9,w_sparsity_search weight_sparsity=0.5
329,w_sparsity_search,0.1,0.5,0.0,10,784,3,10,0.0005,0.0,392,0.9491199851036072,10,w_sparsity_search weight_sparsity=0.5
330,w_sparsity_search,0.1,0.5,0.0,10,784,3,10,0.0005,0.0,1077,0.9695999622344971,1,w_sparsity_search weight_sparsity=0.5
331,w_sparsity_search,0.1,0.5,0.0,10,784,3,10,0.0005,0.0,1077,0.9702000021934509,2,w_sparsity_search weight_sparsity=0.5
332,w_sparsity_search,0.1,0.5,0.0,10,784,3,10,0.0005,0.0,1077,0.9676333665847778,3,w_sparsity_search weight_sparsity=0.5
333,w_sparsity_search,0.1,0.5,0.0,10,784,3,10,0.0005,0.0,1077,0.965624988079071,4,w_sparsity_search weight_sparsity=0.5
334,w_sparsity_search,0.1,0.5,0.0,10,784,3,10,0.0005,0.0,1077,0.9617399573326111,5,w_sparsity_search weight_sparsity=0.5
335,w_sparsity_search,0.1,0.5,0.0,10,784,3,10,0.0005,0.0,1077,0.9585333466529846,6,w_sparsity_search weight_sparsity=0.5
336,w_sparsity_search,0.1,0.5,0.0,10,784,3,10,0.0005,0.0,1077,0.9539856910705566,7,w_sparsity_search weight_sparsity=0.5
337,w_sparsity_search,0.1,0.5,0.0,10,784,3,10,0.0005,0.0,1077,0.9525125026702881,8,w_sparsity_search weight_sparsity=0.5
338,w_sparsity_search,0.1,0.5,0.0,10,784,3,10,0.0005,0.0,1077,0.949999988079071,9,w_sparsity_search weight_sparsity=0.5
339,w_sparsity_search,0.1,0.5,0.0,10,784,3,10,0.0005,0.0,1077,0.9485799670219421,10,w_sparsity_search weight_sparsity=0.5
340,w_sparsity_search,0.1,0.5,0.0,10,784,3,10,0.0005,0.0,7,0.9674999713897705,1,w_sparsity_search weight_sparsity=0.5
341,w_sparsity_search,0.1,0.5,0.0,10,784,3,10,0.0005,0.0,7,0.9703999757766724,2,w_sparsity_search weight_sparsity=0.5
342,w_sparsity_search,0.1,0.5,0.0,10,784,3,10,0.0005,0.0,7,0.9668333530426025,3,w_sparsity_search weight_sparsity=0.5
343,w_sparsity_search,0.1,0.5,0.0,10,784,3,10,0.0005,0.0,7,0.9625749588012695,4,w_sparsity_search weight_sparsity=0.5
344,w_sparsity_search,0.1,0.5,0.0,10,784,3,10,0.0005,0.0,7,0.9604399800300598,5,w_sparsity_search weight_sparsity=0.5
345,w_sparsity_search,0.1,0.5,0.0,10,784,3,10,0.0005,0.0,7,0.9595000147819519,6,w_sparsity_search weight_sparsity=0.5
346,w_sparsity_search,0.1,0.5,0.0,10,784,3,10,0.0005,0.0,7,0.9563999772071838,7,w_sparsity_search weight_sparsity=0.5
347,w_sparsity_search,0.1,0.5,0.0,10,784,3,10,0.0005,0.0,7,0.9547624588012695,8,w_sparsity_search weight_sparsity=0.5
348,w_sparsity_search,0.1,0.5,0.0,10,784,3,10,0.0005,0.0,7,0.9519888758659363,9,w_sparsity_search weight_sparsity=0.5
349,w_sparsity_search,0.1,0.5,0.0,10,784,3,10,0.0005,0.0,7,0.948669970035553,10,w_sparsity_search weight_sparsity=0.5
350,w_sparsity_search,0.1,0.5,0.0,10,784,3,10,0.0005,0.0,2068,0.9670999646186829,1,w_sparsity_search weight_sparsity=0.5
351,w_sparsity_search,0.1,0.5,0.0,10,784,3,10,0.0005,0.0,2068,0.969249963760376,2,w_sparsity_search weight_sparsity=0.5
352,w_sparsity_search,0.1,0.5,0.0,10,784,3,10,0.0005,0.0,2068,0.9681666493415833,3,w_sparsity_search weight_sparsity=0.5
353,w_sparsity_search,0.1,0.5,0.0,10,784,3,10,0.0005,0.0,2068,0.9654749631881714,4,w_sparsity_search weight_sparsity=0.5
354,w_sparsity_search,0.1,0.5,0.0,10,784,3,10,0.0005,0.0,2068,0.9641000032424927,5,w_sparsity_search weight_sparsity=0.5
355,w_sparsity_search,0.1,0.5,0.0,10,784,3,10,0.0005,0.0,2068,0.9610833525657654,6,w_sparsity_search weight_sparsity=0.5
356,w_sparsity_search,0.1,0.5,0.0,10,784,3,10,0.0005,0.0,2068,0.9548428654670715,7,w_sparsity_search weight_sparsity=0.5
357,w_sparsity_search,0.1,0.5,0.0,10,784,3,10,0.0005,0.0,2068,0.9513124823570251,8,w_sparsity_search weight_sparsity=0.5
358,w_sparsity_search,0.1,0.5,0.0,10,784,3,10,0.0005,0.0,2068,0.9502778053283691,9,w_sparsity_search weight_sparsity=0.5
359,w_sparsity_search,0.1,0.5,0.0,10,784,3,10,0.0005,0.0,2068,0.9450299739837646,10,w_sparsity_search weight_sparsity=0.5
360,w_sparsity_search,0.1,0.5,0.0,10,784,3,10,0.0005,0.0,230,0.971299946308136,1,w_sparsity_search weight_sparsity=0.5
361,w_sparsity_search,0.1,0.5,0.0,10,784,3,10,0.0005,0.0,230,0.9704499840736389,2,w_sparsity_search weight_sparsity=0.5
362,w_sparsity_search,0.1,0.5,0.0,10,784,3,10,0.0005,0.0,230,0.9670000076293945,3,w_sparsity_search weight_sparsity=0.5
363,w_sparsity_search,0.1,0.5,0.0,10,784,3,10,0.0005,0.0,230,0.9605249762535095,4,w_sparsity_search weight_sparsity=0.5
364,w_sparsity_search,0.1,0.5,0.0,10,784,3,10,0.0005,0.0,230,0.9579199552536011,5,w_sparsity_search weight_sparsity=0.5
365,w_sparsity_search,0.1,0.5,0.0,10,784,3,10,0.0005,0.0,230,0.9577500224113464,6,w_sparsity_search weight_sparsity=0.5
366,w_sparsity_search,0.1,0.5,0.0,10,784,3,10,0.0005,0.0,230,0.9575142860412598,7,w_sparsity_search weight_sparsity=0.5
367,w_sparsity_search,0.1,0.5,0.0,10,784,3,10,0.0005,0.0,230,0.9549124836921692,8,w_sparsity_search weight_sparsity=0.5
368,w_sparsity_search,0.1,0.5,0.0,10,784,3,10,0.0005,0.0,230,0.9494444727897644,9,w_sparsity_search weight_sparsity=0.5
369,w_sparsity_search,0.1,0.5,0.0,10,784,3,10,0.0005,0.0,230,0.9506799578666687,10,w_sparsity_search weight_sparsity=0.5
370,w_sparsity_search,0.1,0.5,0.0,10,784,3,10,0.0005,0.0,1379,0.9691999554634094,1,w_sparsity_search weight_sparsity=0.5
371,w_sparsity_search,0.1,0.5,0.0,10,784,3,10,0.0005,0.0,1379,0.9684000015258789,2,w_sparsity_search weight_sparsity=0.5
372,w_sparsity_search,0.1,0.5,0.0,10,784,3,10,0.0005,0.0,1379,0.9665666818618774,3,w_sparsity_search weight_sparsity=0.5
373,w_sparsity_search,0.1,0.5,0.0,10,784,3,10,0.0005,0.0,1379,0.9587000012397766,4,w_sparsity_search weight_sparsity=0.5
374,w_sparsity_search,0.1,0.5,0.0,10,784,3,10,0.0005,0.0,1379,0.9562999606132507,5,w_sparsity_search weight_sparsity=0.5
375,w_sparsity_search,0.1,0.5,0.0,10,784,3,10,0.0005,0.0,1379,0.9556000232696533,6,w_sparsity_search weight_sparsity=0.5
376,w_sparsity_search,0.1,0.5,0.0,10,784,3,10,0.0005,0.0,1379,0.9508285522460938,7,w_sparsity_search weight_sparsity=0.5
377,w_sparsity_search,0.1,0.5,0.0,10,784,3,10,0.0005,0.0,1379,0.9462874531745911,8,w_sparsity_search weight_sparsity=0.5
378,w_sparsity_search,0.1,0.5,0.0,10,784,3,10,0.0005,0.0,1379,0.9417333602905273,9,w_sparsity_search weight_sparsity=0.5
379,w_sparsity_search,0.1,0.5,0.0,10,784,3,10,0.0005,0.0,1379,0.9382299780845642,10,w_sparsity_search weight_sparsity=0.5
380,w_sparsity_search,0.1,0.5,0.0,10,784,3,10,0.0005,0.0,5260,0.9702999591827393,1,w_sparsity_search weight_sparsity=0.5
381,w_sparsity_search,0.1,0.5,0.0,10,784,3,10,0.0005,0.0,5260,0.9697499871253967,2,w_sparsity_search weight_sparsity=0.5
382,w_sparsity_search,0.1,0.5,0.0,10,784,3,10,0.0005,0.0,5260,0.9675333499908447,3,w_sparsity_search weight_sparsity=0.5
383,w_sparsity_search,0.1,0.5,0.0,10,784,3,10,0.0005,0.0,5260,0.9619749784469604,4,w_sparsity_search weight_sparsity=0.5
384,w_sparsity_search,0.1,0.5,0.0,10,784,3,10,0.0005,0.0,5260,0.961679995059967,5,w_sparsity_search weight_sparsity=0.5
385,w_sparsity_search,0.1,0.5,0.0,10,784,3,10,0.0005,0.0,5260,0.9590499997138977,6,w_sparsity_search weight_sparsity=0.5
386,w_sparsity_search,0.1,0.5,0.0,10,784,3,10,0.0005,0.0,5260,0.958214282989502,7,w_sparsity_search weight_sparsity=0.5
387,w_sparsity_search,0.1,0.5,0.0,10,784,3,10,0.0005,0.0,5260,0.9565874934196472,8,w_sparsity_search weight_sparsity=0.5
388,w_sparsity_search,0.1,0.5,0.0,10,784,3,10,0.0005,0.0,5260,0.9527666568756104,9,w_sparsity_search weight_sparsity=0.5
389,w_sparsity_search,0.1,0.5,0.0,10,784,3,10,0.0005,0.0,5260,0.9479799866676331,10,w_sparsity_search weight_sparsity=0.5
390,w_sparsity_search,0.1,0.5,0.0,10,784,3,10,0.0005,0.0,9621,0.9684000015258789,1,w_sparsity_search weight_sparsity=0.5
391,w_sparsity_search,0.1,0.5,0.0,10,784,3,10,0.0005,0.0,9621,0.967799961566925,2,w_sparsity_search weight_sparsity=0.5
392,w_sparsity_search,0.1,0.5,0.0,10,784,3,10,0.0005,0.0,9621,0.967199981212616,3,w_sparsity_search weight_sparsity=0.5
393,w_sparsity_search,0.1,0.5,0.0,10,784,3,10,0.0005,0.0,9621,0.9641749858856201,4,w_sparsity_search weight_sparsity=0.5
394,w_sparsity_search,0.1,0.5,0.0,10,784,3,10,0.0005,0.0,9621,0.962119996547699,5,w_sparsity_search weight_sparsity=0.5
395,w_sparsity_search,0.1,0.5,0.0,10,784,3,10,0.0005,0.0,9621,0.9595500230789185,6,w_sparsity_search weight_sparsity=0.5
396,w_sparsity_search,0.1,0.5,0.0,10,784,3,10,0.0005,0.0,9621,0.9574999809265137,7,w_sparsity_search weight_sparsity=0.5
397,w_sparsity_search,0.1,0.5,0.0,10,784,3,10,0.0005,0.0,9621,0.9548375010490417,8,w_sparsity_search weight_sparsity=0.5
398,w_sparsity_search,0.1,0.5,0.0,10,784,3,10,0.0005,0.0,9621,0.9524222612380981,9,w_sparsity_search weight_sparsity=0.5
399,w_sparsity_search,0.1,0.5,0.0,10,784,3,10,0.0005,0.0,9621,0.9490599632263184,10,w_sparsity_search weight_sparsity=0.5
400,w_sparsity_search,0.1,0.7,0.0,10,784,3,10,0.0005,0.0,4964,0.967799961566925,1,w_sparsity_search weight_sparsity=0.7
401,w_sparsity_search,0.1,0.7,0.0,10,784,3,10,0.0005,0.0,4964,0.9646999835968018,2,w_sparsity_search weight_sparsity=0.7
402,w_sparsity_search,0.1,0.7,0.0,10,784,3,10,0.0005,0.0,4964,0.9624666571617126,3,w_sparsity_search weight_sparsity=0.7
403,w_sparsity_search,0.1,0.7,0.0,10,784,3,10,0.0005,0.0,4964,0.9541499614715576,4,w_sparsity_search weight_sparsity=0.7
404,w_sparsity_search,0.1,0.7,0.0,10,784,3,10,0.0005,0.0,4964,0.9507599472999573,5,w_sparsity_search weight_sparsity=0.7
405,w_sparsity_search,0.1,0.7,0.0,10,784,3,10,0.0005,0.0,4964,0.9456333518028259,6,w_sparsity_search weight_sparsity=0.7
406,w_sparsity_search,0.1,0.7,0.0,10,784,3,10,0.0005,0.0,4964,0.9419000148773193,7,w_sparsity_search weight_sparsity=0.7
407,w_sparsity_search,0.1,0.7,0.0,10,784,3,10,0.0005,0.0,4964,0.9391749501228333,8,w_sparsity_search weight_sparsity=0.7
408,w_sparsity_search,0.1,0.7,0.0,10,784,3,10,0.0005,0.0,4964,0.9362778067588806,9,w_sparsity_search weight_sparsity=0.7
409,w_sparsity_search,0.1,0.7,0.0,10,784,3,10,0.0005,0.0,4964,0.9354099631309509,10,w_sparsity_search weight_sparsity=0.7
410,w_sparsity_search,0.1,0.7,0.0,10,784,3,10,0.0005,0.0,2974,0.965499997138977,1,w_sparsity_search weight_sparsity=0.7
411,w_sparsity_search,0.1,0.7,0.0,10,784,3,10,0.0005,0.0,2974,0.9656499624252319,2,w_sparsity_search weight_sparsity=0.7
412,w_sparsity_search,0.1,0.7,0.0,10,784,3,10,0.0005,0.0,2974,0.9611999988555908,3,w_sparsity_search weight_sparsity=0.7
413,w_sparsity_search,0.1,0.7,0.0,10,784,3,10,0.0005,0.0,2974,0.9575749635696411,4,w_sparsity_search weight_sparsity=0.7
414,w_sparsity_search,0.1,0.7,0.0,10,784,3,10,0.0005,0.0,2974,0.9544199705123901,5,w_sparsity_search weight_sparsity=0.7
415,w_sparsity_search,0.1,0.7,0.0,10,784,3,10,0.0005,0.0,2974,0.9516333341598511,6,w_sparsity_search weight_sparsity=0.7
416,w_sparsity_search,0.1,0.7,0.0,10,784,3,10,0.0005,0.0,2974,0.9436571598052979,7,w_sparsity_search weight_sparsity=0.7
417,w_sparsity_search,0.1,0.7,0.0,10,784,3,10,0.0005,0.0,2974,0.9415874481201172,8,w_sparsity_search weight_sparsity=0.7
418,w_sparsity_search,0.1,0.7,0.0,10,784,3,10,0.0005,0.0,2974,0.9418555498123169,9,w_sparsity_search weight_sparsity=0.7
419,w_sparsity_search,0.1,0.7,0.0,10,784,3,10,0.0005,0.0,2974,0.9396899938583374,10,w_sparsity_search weight_sparsity=0.7
420,w_sparsity_search,0.1,0.7,0.0,10,784,3,10,0.0005,0.0,2163,0.9648999571800232,1,w_sparsity_search weight_sparsity=0.7
421,w_sparsity_search,0.1,0.7,0.0,10,784,3,10,0.0005,0.0,2163,0.9648999571800232,2,w_sparsity_search weight_sparsity=0.7
422,w_sparsity_search,0.1,0.7,0.0,10,784,3,10,0.0005,0.0,2163,0.9617000222206116,3,w_sparsity_search weight_sparsity=0.7
423,w_sparsity_search,0.1,0.7,0.0,10,784,3,10,0.0005,0.0,2163,0.9576749801635742,4,w_sparsity_search weight_sparsity=0.7
424,w_sparsity_search,0.1,0.7,0.0,10,784,3,10,0.0005,0.0,2163,0.9529999494552612,5,w_sparsity_search weight_sparsity=0.7
425,w_sparsity_search,0.1,0.7,0.0,10,784,3,10,0.0005,0.0,2163,0.9499666690826416,6,w_sparsity_search weight_sparsity=0.7
426,w_sparsity_search,0.1,0.7,0.0,10,784,3,10,0.0005,0.0,2163,0.942728579044342,7,w_sparsity_search weight_sparsity=0.7
427,w_sparsity_search,0.1,0.7,0.0,10,784,3,10,0.0005,0.0,2163,0.9350624680519104,8,w_sparsity_search weight_sparsity=0.7
428,w_sparsity_search,0.1,0.7,0.0,10,784,3,10,0.0005,0.0,2163,0.9310555458068848,9,w_sparsity_search weight_sparsity=0.7
429,w_sparsity_search,0.1,0.7,0.0,10,784,3,10,0.0005,0.0,2163,0.925089955329895,10,w_sparsity_search weight_sparsity=0.7
430,w_sparsity_search,0.1,0.7,0.0,10,784,3,10,0.0005,0.0,7499,0.9672999978065491,1,w_sparsity_search weight_sparsity=0.7
431,w_sparsity_search,0.1,0.7,0.0,10,784,3,10,0.0005,0.0,7499,0.9665499925613403,2,w_sparsity_search weight_sparsity=0.7
432,w_sparsity_search,0.1,0.7,0.0,10,784,3,10,0.0005,0.0,7499,0.9609000086784363,3,w_sparsity_search weight_sparsity=0.7
433,w_sparsity_search,0.1,0.7,0.0,10,784,3,10,0.0005,0.0,7499,0.9575499892234802,4,w_sparsity_search weight_sparsity=0.7
434,w_sparsity_search,0.1,0.7,0.0,10,784,3,10,0.0005,0.0,7499,0.9503399729728699,5,w_sparsity_search weight_sparsity=0.7
435,w_sparsity_search,0.1,0.7,0.0,10,784,3,10,0.0005,0.0,7499,0.9449000358581543,6,w_sparsity_search weight_sparsity=0.7
436,w_sparsity_search,0.1,0.7,0.0,10,784,3,10,0.0005,0.0,7499,0.9411428570747375,7,w_sparsity_search weight_sparsity=0.7
437,w_sparsity_search,0.1,0.7,0.0,10,784,3,10,0.0005,0.0,7499,0.9342249631881714,8,w_sparsity_search weight_sparsity=0.7
438,w_sparsity_search,0.1,0.7,0.0,10,784,3,10,0.0005,0.0,7499,0.9273889064788818,9,w_sparsity_search weight_sparsity=0.7
439,w_sparsity_search,0.1,0.7,0.0,10,784,3,10,0.0005,0.0,7499,0.9282799959182739,10,w_sparsity_search weight_sparsity=0.7
440,w_sparsity_search,0.1,0.7,0.0,10,784,3,10,0.0005,0.0,6495,0.9662999510765076,1,w_sparsity_search weight_sparsity=0.7
441,w_sparsity_search,0.1,0.7,0.0,10,784,3,10,0.0005,0.0,6495,0.9610999822616577,2,w_sparsity_search weight_sparsity=0.7
442,w_sparsity_search,0.1,0.7,0.0,10,784,3,10,0.0005,0.0,6495,0.9584000110626221,3,w_sparsity_search weight_sparsity=0.7
443,w_sparsity_search,0.1,0.7,0.0,10,784,3,10,0.0005,0.0,6495,0.9547749757766724,4,w_sparsity_search weight_sparsity=0.7
444,w_sparsity_search,0.1,0.7,0.0,10,784,3,10,0.0005,0.0,6495,0.9524999856948853,5,w_sparsity_search weight_sparsity=0.7
445,w_sparsity_search,0.1,0.7,0.0,10,784,3,10,0.0005,0.0,6495,0.95128333568573,6,w_sparsity_search weight_sparsity=0.7
446,w_sparsity_search,0.1,0.7,0.0,10,784,3,10,0.0005,0.0,6495,0.9465000033378601,7,w_sparsity_search weight_sparsity=0.7
447,w_sparsity_search,0.1,0.7,0.0,10,784,3,10,0.0005,0.0,6495,0.9401499629020691,8,w_sparsity_search weight_sparsity=0.7
448,w_sparsity_search,0.1,0.7,0.0,10,784,3,10,0.0005,0.0,6495,0.9388444423675537,9,w_sparsity_search weight_sparsity=0.7
449,w_sparsity_search,0.1,0.7,0.0,10,784,3,10,0.0005,0.0,6495,0.9365800023078918,10,w_sparsity_search weight_sparsity=0.7
450,w_sparsity_search,0.1,0.7,0.0,10,784,3,10,0.0005,0.0,785,0.9666000008583069,1,w_sparsity_search weight_sparsity=0.7
451,w_sparsity_search,0.1,0.7,0.0,10,784,3,10,0.0005,0.0,785,0.9632999897003174,2,w_sparsity_search weight_sparsity=0.7
452,w_sparsity_search,0.1,0.7,0.0,10,784,3,10,0.0005,0.0,785,0.9614999890327454,3,w_sparsity_search weight_sparsity=0.7
453,w_sparsity_search,0.1,0.7,0.0,10,784,3,10,0.0005,0.0,785,0.9559999704360962,4,w_sparsity_search weight_sparsity=0.7
454,w_sparsity_search,0.1,0.7,0.0,10,784,3,10,0.0005,0.0,785,0.9515399932861328,5,w_sparsity_search weight_sparsity=0.7
455,w_sparsity_search,0.1,0.7,0.0,10,784,3,10,0.0005,0.0,785,0.9521000385284424,6,w_sparsity_search weight_sparsity=0.7
456,w_sparsity_search,0.1,0.7,0.0,10,784,3,10,0.0005,0.0,785,0.9488428831100464,7,w_sparsity_search weight_sparsity=0.7
457,w_sparsity_search,0.1,0.7,0.0,10,784,3,10,0.0005,0.0,785,0.9426124691963196,8,w_sparsity_search weight_sparsity=0.7
458,w_sparsity_search,0.1,0.7,0.0,10,784,3,10,0.0005,0.0,785,0.9399555921554565,9,w_sparsity_search weight_sparsity=0.7
459,w_sparsity_search,0.1,0.7,0.0,10,784,3,10,0.0005,0.0,785,0.9380099773406982,10,w_sparsity_search weight_sparsity=0.7
460,w_sparsity_search,0.1,0.7,0.0,10,784,3,10,0.0005,0.0,9290,0.9664999842643738,1,w_sparsity_search weight_sparsity=0.7
461,w_sparsity_search,0.1,0.7,0.0,10,784,3,10,0.0005,0.0,9290,0.9655999541282654,2,w_sparsity_search weight_sparsity=0.7
462,w_sparsity_search,0.1,0.7,0.0,10,784,3,10,0.0005,0.0,9290,0.9600333571434021,3,w_sparsity_search weight_sparsity=0.7
463,w_sparsity_search,0.1,0.7,0.0,10,784,3,10,0.0005,0.0,9290,0.9574249982833862,4,w_sparsity_search weight_sparsity=0.7
464,w_sparsity_search,0.1,0.7,0.0,10,784,3,10,0.0005,0.0,9290,0.9538999795913696,5,w_sparsity_search weight_sparsity=0.7
465,w_sparsity_search,0.1,0.7,0.0,10,784,3,10,0.0005,0.0,9290,0.9525666832923889,6,w_sparsity_search weight_sparsity=0.7
466,w_sparsity_search,0.1,0.7,0.0,10,784,3,10,0.0005,0.0,9290,0.9448142647743225,7,w_sparsity_search weight_sparsity=0.7
467,w_sparsity_search,0.1,0.7,0.0,10,784,3,10,0.0005,0.0,9290,0.939674973487854,8,w_sparsity_search weight_sparsity=0.7
468,w_sparsity_search,0.1,0.7,0.0,10,784,3,10,0.0005,0.0,9290,0.9379000067710876,9,w_sparsity_search weight_sparsity=0.7
469,w_sparsity_search,0.1,0.7,0.0,10,784,3,10,0.0005,0.0,9290,0.931689977645874,10,w_sparsity_search weight_sparsity=0.7
470,w_sparsity_search,0.1,0.7,0.0,10,784,3,10,0.0005,0.0,5118,0.9681999683380127,1,w_sparsity_search weight_sparsity=0.7
471,w_sparsity_search,0.1,0.7,0.0,10,784,3,10,0.0005,0.0,5118,0.9668499827384949,2,w_sparsity_search weight_sparsity=0.7
472,w_sparsity_search,0.1,0.7,0.0,10,784,3,10,0.0005,0.0,5118,0.961400032043457,3,w_sparsity_search weight_sparsity=0.7
473,w_sparsity_search,0.1,0.7,0.0,10,784,3,10,0.0005,0.0,5118,0.9541749954223633,4,w_sparsity_search weight_sparsity=0.7
474,w_sparsity_search,0.1,0.7,0.0,10,784,3,10,0.0005,0.0,5118,0.9514399766921997,5,w_sparsity_search weight_sparsity=0.7
475,w_sparsity_search,0.1,0.7,0.0,10,784,3,10,0.0005,0.0,5118,0.9485000371932983,6,w_sparsity_search weight_sparsity=0.7
476,w_sparsity_search,0.1,0.7,0.0,10,784,3,10,0.0005,0.0,5118,0.94435715675354,7,w_sparsity_search weight_sparsity=0.7
477,w_sparsity_search,0.1,0.7,0.0,10,784,3,10,0.0005,0.0,5118,0.9372624754905701,8,w_sparsity_search weight_sparsity=0.7
478,w_sparsity_search,0.1,0.7,0.0,10,784,3,10,0.0005,0.0,5118,0.9402000308036804,9,w_sparsity_search weight_sparsity=0.7
479,w_sparsity_search,0.1,0.7,0.0,10,784,3,10,0.0005,0.0,5118,0.9358499646186829,10,w_sparsity_search weight_sparsity=0.7
480,w_sparsity_search,0.1,0.7,0.0,10,784,3,10,0.0005,0.0,876,0.9648999571800232,1,w_sparsity_search weight_sparsity=0.7
481,w_sparsity_search,0.1,0.7,0.0,10,784,3,10,0.0005,0.0,876,0.9642999768257141,2,w_sparsity_search weight_sparsity=0.7
482,w_sparsity_search,0.1,0.7,0.0,10,784,3,10,0.0005,0.0,876,0.9603999853134155,3,w_sparsity_search weight_sparsity=0.7
483,w_sparsity_search,0.1,0.7,0.0,10,784,3,10,0.0005,0.0,876,0.9555749893188477,4,w_sparsity_search weight_sparsity=0.7
484,w_sparsity_search,0.1,0.7,0.0,10,784,3,10,0.0005,0.0,876,0.9535799622535706,5,w_sparsity_search weight_sparsity=0.7
485,w_sparsity_search,0.1,0.7,0.0,10,784,3,10,0.0005,0.0,876,0.9514666795730591,6,w_sparsity_search weight_sparsity=0.7
486,w_sparsity_search,0.1,0.7,0.0,10,784,3,10,0.0005,0.0,876,0.9479143023490906,7,w_sparsity_search weight_sparsity=0.7
487,w_sparsity_search,0.1,0.7,0.0,10,784,3,10,0.0005,0.0,876,0.9468374848365784,8,w_sparsity_search weight_sparsity=0.7
488,w_sparsity_search,0.1,0.7,0.0,10,784,3,10,0.0005,0.0,876,0.9420555830001831,9,w_sparsity_search weight_sparsity=0.7
489,w_sparsity_search,0.1,0.7,0.0,10,784,3,10,0.0005,0.0,876,0.9408800005912781,10,w_sparsity_search weight_sparsity=0.7
490,w_sparsity_search,0.1,0.7,0.0,10,784,3,10,0.0005,0.0,6195,0.9645999670028687,1,w_sparsity_search weight_sparsity=0.7
491,w_sparsity_search,0.1,0.7,0.0,10,784,3,10,0.0005,0.0,6195,0.9664499759674072,2,w_sparsity_search weight_sparsity=0.7
492,w_sparsity_search,0.1,0.7,0.0,10,784,3,10,0.0005,0.0,6195,0.963699996471405,3,w_sparsity_search weight_sparsity=0.7
493,w_sparsity_search,0.1,0.7,0.0,10,784,3,10,0.0005,0.0,6195,0.9582749605178833,4,w_sparsity_search weight_sparsity=0.7
494,w_sparsity_search,0.1,0.7,0.0,10,784,3,10,0.0005,0.0,6195,0.9535599946975708,5,w_sparsity_search weight_sparsity=0.7
495,w_sparsity_search,0.1,0.7,0.0,10,784,3,10,0.0005,0.0,6195,0.9517333507537842,6,w_sparsity_search weight_sparsity=0.7
496,w_sparsity_search,0.1,0.7,0.0,10,784,3,10,0.0005,0.0,6195,0.9514142870903015,7,w_sparsity_search weight_sparsity=0.7
497,w_sparsity_search,0.1,0.7,0.0,10,784,3,10,0.0005,0.0,6195,0.9457624554634094,8,w_sparsity_search weight_sparsity=0.7
498,w_sparsity_search,0.1,0.7,0.0,10,784,3,10,0.0005,0.0,6195,0.9469333291053772,9,w_sparsity_search weight_sparsity=0.7
499,w_sparsity_search,0.1,0.7,0.0,10,784,3,10,0.0005,0.0,6195,0.9446699619293213,10,w_sparsity_search weight_sparsity=0.7
500,w_sparsity_search,0.1,0.9,0.0,10,784,3,10,0.0005,0.0,8002,0.9529999494552612,1,w_sparsity_search weight_sparsity=0.9
501,w_sparsity_search,0.1,0.9,0.0,10,784,3,10,0.0005,0.0,8002,0.9475999474525452,2,w_sparsity_search weight_sparsity=0.9
502,w_sparsity_search,0.1,0.9,0.0,10,784,3,10,0.0005,0.0,8002,0.9447667002677917,3,w_sparsity_search weight_sparsity=0.9
503,w_sparsity_search,0.1,0.9,0.0,10,784,3,10,0.0005,0.0,8002,0.9379499554634094,4,w_sparsity_search weight_sparsity=0.9
504,w_sparsity_search,0.1,0.9,0.0,10,784,3,10,0.0005,0.0,8002,0.9319799542427063,5,w_sparsity_search weight_sparsity=0.9
505,w_sparsity_search,0.1,0.9,0.0,10,784,3,10,0.0005,0.0,8002,0.9255499839782715,6,w_sparsity_search weight_sparsity=0.9
506,w_sparsity_search,0.1,0.9,0.0,10,784,3,10,0.0005,0.0,8002,0.9192857146263123,7,w_sparsity_search weight_sparsity=0.9
507,w_sparsity_search,0.1,0.9,0.0,10,784,3,10,0.0005,0.0,8002,0.916237473487854,8,w_sparsity_search weight_sparsity=0.9
508,w_sparsity_search,0.1,0.9,0.0,10,784,3,10,0.0005,0.0,8002,0.9124777913093567,9,w_sparsity_search weight_sparsity=0.9
509,w_sparsity_search,0.1,0.9,0.0,10,784,3,10,0.0005,0.0,8002,0.9059000015258789,10,w_sparsity_search weight_sparsity=0.9
510,w_sparsity_search,0.1,0.9,0.0,10,784,3,10,0.0005,0.0,264,0.9497999548912048,1,w_sparsity_search weight_sparsity=0.9
511,w_sparsity_search,0.1,0.9,0.0,10,784,3,10,0.0005,0.0,264,0.9447499513626099,2,w_sparsity_search weight_sparsity=0.9
512,w_sparsity_search,0.1,0.9,0.0,10,784,3,10,0.0005,0.0,264,0.940833330154419,3,w_sparsity_search weight_sparsity=0.9
513,w_sparsity_search,0.1,0.9,0.0,10,784,3,10,0.0005,0.0,264,0.9344750046730042,4,w_sparsity_search weight_sparsity=0.9
514,w_sparsity_search,0.1,0.9,0.0,10,784,3,10,0.0005,0.0,264,0.9317399859428406,5,w_sparsity_search weight_sparsity=0.9
515,w_sparsity_search,0.1,0.9,0.0,10,784,3,10,0.0005,0.0,264,0.9266666769981384,6,w_sparsity_search weight_sparsity=0.9
516,w_sparsity_search,0.1,0.9,0.0,10,784,3,10,0.0005,0.0,264,0.9220571517944336,7,w_sparsity_search weight_sparsity=0.9
517,w_sparsity_search,0.1,0.9,0.0,10,784,3,10,0.0005,0.0,264,0.9160124659538269,8,w_sparsity_search weight_sparsity=0.9
518,w_sparsity_search,0.1,0.9,0.0,10,784,3,10,0.0005,0.0,264,0.9135888814926147,9,w_sparsity_search weight_sparsity=0.9
519,w_sparsity_search,0.1,0.9,0.0,10,784,3,10,0.0005,0.0,264,0.9143799543380737,10,w_sparsity_search weight_sparsity=0.9
520,w_sparsity_search,0.1,0.9,0.0,10,784,3,10,0.0005,0.0,5667,0.9527999758720398,1,w_sparsity_search weight_sparsity=0.9
521,w_sparsity_search,0.1,0.9,0.0,10,784,3,10,0.0005,0.0,5667,0.9490499496459961,2,w_sparsity_search weight_sparsity=0.9
522,w_sparsity_search,0.1,0.9,0.0,10,784,3,10,0.0005,0.0,5667,0.9447333216667175,3,w_sparsity_search weight_sparsity=0.9
523,w_sparsity_search,0.1,0.9,0.0,10,784,3,10,0.0005,0.0,5667,0.9421499967575073,4,w_sparsity_search weight_sparsity=0.9
524,w_sparsity_search,0.1,0.9,0.0,10,784,3,10,0.0005,0.0,5667,0.9394599795341492,5,w_sparsity_search weight_sparsity=0.9
525,w_sparsity_search,0.1,0.9,0.0,10,784,3,10,0.0005,0.0,5667,0.9330999851226807,6,w_sparsity_search weight_sparsity=0.9
526,w_sparsity_search,0.1,0.9,0.0,10,784,3,10,0.0005,0.0,5667,0.9279857277870178,7,w_sparsity_search weight_sparsity=0.9
527,w_sparsity_search,0.1,0.9,0.0,10,784,3,10,0.0005,0.0,5667,0.9220624566078186,8,w_sparsity_search weight_sparsity=0.9
528,w_sparsity_search,0.1,0.9,0.0,10,784,3,10,0.0005,0.0,5667,0.917377769947052,9,w_sparsity_search weight_sparsity=0.9
529,w_sparsity_search,0.1,0.9,0.0,10,784,3,10,0.0005,0.0,5667,0.9059900045394897,10,w_sparsity_search weight_sparsity=0.9
530,w_sparsity_search,0.1,0.9,0.0,10,784,3,10,0.0005,0.0,4756,0.9532999992370605,1,w_sparsity_search weight_sparsity=0.9
531,w_sparsity_search,0.1,0.9,0.0,10,784,3,10,0.0005,0.0,4756,0.9456499814987183,2,w_sparsity_search weight_sparsity=0.9
532,w_sparsity_search,0.1,0.9,0.0,10,784,3,10,0.0005,0.0,4756,0.9430666565895081,3,w_sparsity_search weight_sparsity=0.9
533,w_sparsity_search,0.1,0.9,0.0,10,784,3,10,0.0005,0.0,4756,0.9380999803543091,4,w_sparsity_search weight_sparsity=0.9
534,w_sparsity_search,0.1,0.9,0.0,10,784,3,10,0.0005,0.0,4756,0.9288599491119385,5,w_sparsity_search weight_sparsity=0.9
535,w_sparsity_search,0.1,0.9,0.0,10,784,3,10,0.0005,0.0,4756,0.9253000020980835,6,w_sparsity_search weight_sparsity=0.9
536,w_sparsity_search,0.1,0.9,0.0,10,784,3,10,0.0005,0.0,4756,0.91839998960495,7,w_sparsity_search weight_sparsity=0.9
537,w_sparsity_search,0.1,0.9,0.0,10,784,3,10,0.0005,0.0,4756,0.913599967956543,8,w_sparsity_search weight_sparsity=0.9
538,w_sparsity_search,0.1,0.9,0.0,10,784,3,10,0.0005,0.0,4756,0.9083889126777649,9,w_sparsity_search weight_sparsity=0.9
539,w_sparsity_search,0.1,0.9,0.0,10,784,3,10,0.0005,0.0,4756,0.8991999626159668,10,w_sparsity_search weight_sparsity=0.9
540,w_sparsity_search,0.1,0.9,0.0,10,784,3,10,0.0005,0.0,7559,0.9517999887466431,1,w_sparsity_search weight_sparsity=0.9
541,w_sparsity_search,0.1,0.9,0.0,10,784,3,10,0.0005,0.0,7559,0.9465999603271484,2,w_sparsity_search weight_sparsity=0.9
542,w_sparsity_search,0.1,0.9,0.0,10,784,3,10,0.0005,0.0,7559,0.9416333436965942,3,w_sparsity_search weight_sparsity=0.9
543,w_sparsity_search,0.1,0.9,0.0,10,784,3,10,0.0005,0.0,7559,0.9370499849319458,4,w_sparsity_search weight_sparsity=0.9
544,w_sparsity_search,0.1,0.9,0.0,10,784,3,10,0.0005,0.0,7559,0.9311599731445312,5,w_sparsity_search weight_sparsity=0.9
545,w_sparsity_search,0.1,0.9,0.0,10,784,3,10,0.0005,0.0,7559,0.9275833368301392,6,w_sparsity_search weight_sparsity=0.9
546,w_sparsity_search,0.1,0.9,0.0,10,784,3,10,0.0005,0.0,7559,0.9252856969833374,7,w_sparsity_search weight_sparsity=0.9
547,w_sparsity_search,0.1,0.9,0.0,10,784,3,10,0.0005,0.0,7559,0.9188874959945679,8,w_sparsity_search weight_sparsity=0.9
548,w_sparsity_search,0.1,0.9,0.0,10,784,3,10,0.0005,0.0,7559,0.916533350944519,9,w_sparsity_search weight_sparsity=0.9
549,w_sparsity_search,0.1,0.9,0.0,10,784,3,10,0.0005,0.0,7559,0.9139899611473083,10,w_sparsity_search weight_sparsity=0.9
550,w_sparsity_search,0.1,0.9,0.0,10,784,3,10,0.0005,0.0,832,0.9506999850273132,1,w_sparsity_search weight_sparsity=0.9
551,w_sparsity_search,0.1,0.9,0.0,10,784,3,10,0.0005,0.0,832,0.9457999467849731,2,w_sparsity_search weight_sparsity=0.9
552,w_sparsity_search,0.1,0.9,0.0,10,784,3,10,0.0005,0.0,832,0.9381000399589539,3,w_sparsity_search weight_sparsity=0.9
553,w_sparsity_search,0.1,0.9,0.0,10,784,3,10,0.0005,0.0,832,0.9383749961853027,4,w_sparsity_search weight_sparsity=0.9
554,w_sparsity_search,0.1,0.9,0.0,10,784,3,10,0.0005,0.0,832,0.9339199662208557,5,w_sparsity_search weight_sparsity=0.9
555,w_sparsity_search,0.1,0.9,0.0,10,784,3,10,0.0005,0.0,832,0.9328500032424927,6,w_sparsity_search weight_sparsity=0.9
556,w_sparsity_search,0.1,0.9,0.0,10,784,3,10,0.0005,0.0,832,0.9266571402549744,7,w_sparsity_search weight_sparsity=0.9
557,w_sparsity_search,0.1,0.9,0.0,10,784,3,10,0.0005,0.0,832,0.9234499931335449,8,w_sparsity_search weight_sparsity=0.9
558,w_sparsity_search,0.1,0.9,0.0,10,784,3,10,0.0005,0.0,832,0.919177770614624,9,w_sparsity_search weight_sparsity=0.9
559,w_sparsity_search,0.1,0.9,0.0,10,784,3,10,0.0005,0.0,832,0.9163199663162231,10,w_sparsity_search weight_sparsity=0.9
560,w_sparsity_search,0.1,0.9,0.0,10,784,3,10,0.0005,0.0,3342,0.9542999863624573,1,w_sparsity_search weight_sparsity=0.9
561,w_sparsity_search,0.1,0.9,0.0,10,784,3,10,0.0005,0.0,3342,0.9491999745368958,2,w_sparsity_search weight_sparsity=0.9
562,w_sparsity_search,0.1,0.9,0.0,10,784,3,10,0.0005,0.0,3342,0.946399986743927,3,w_sparsity_search weight_sparsity=0.9
563,w_sparsity_search,0.1,0.9,0.0,10,784,3,10,0.0005,0.0,3342,0.9408999681472778,4,w_sparsity_search weight_sparsity=0.9
564,w_sparsity_search,0.1,0.9,0.0,10,784,3,10,0.0005,0.0,3342,0.9351799488067627,5,w_sparsity_search weight_sparsity=0.9
565,w_sparsity_search,0.1,0.9,0.0,10,784,3,10,0.0005,0.0,3342,0.9314666986465454,6,w_sparsity_search weight_sparsity=0.9
566,w_sparsity_search,0.1,0.9,0.0,10,784,3,10,0.0005,0.0,3342,0.928257167339325,7,w_sparsity_search weight_sparsity=0.9
567,w_sparsity_search,0.1,0.9,0.0,10,784,3,10,0.0005,0.0,3342,0.9227874875068665,8,w_sparsity_search weight_sparsity=0.9
568,w_sparsity_search,0.1,0.9,0.0,10,784,3,10,0.0005,0.0,3342,0.9178333282470703,9,w_sparsity_search weight_sparsity=0.9
569,w_sparsity_search,0.1,0.9,0.0,10,784,3,10,0.0005,0.0,3342,0.9127399921417236,10,w_sparsity_search weight_sparsity=0.9
570,w_sparsity_search,0.1,0.9,0.0,10,784,3,10,0.0005,0.0,6076,0.9511999487876892,1,w_sparsity_search weight_sparsity=0.9
571,w_sparsity_search,0.1,0.9,0.0,10,784,3,10,0.0005,0.0,6076,0.9484999775886536,2,w_sparsity_search weight_sparsity=0.9
572,w_sparsity_search,0.1,0.9,0.0,10,784,3,10,0.0005,0.0,6076,0.9415333271026611,3,w_sparsity_search weight_sparsity=0.9
573,w_sparsity_search,0.1,0.9,0.0,10,784,3,10,0.0005,0.0,6076,0.9372999668121338,4,w_sparsity_search weight_sparsity=0.9
574,w_sparsity_search,0.1,0.9,0.0,10,784,3,10,0.0005,0.0,6076,0.9302600026130676,5,w_sparsity_search weight_sparsity=0.9
575,w_sparsity_search,0.1,0.9,0.0,10,784,3,10,0.0005,0.0,6076,0.9212833642959595,6,w_sparsity_search weight_sparsity=0.9
576,w_sparsity_search,0.1,0.9,0.0,10,784,3,10,0.0005,0.0,6076,0.916785717010498,7,w_sparsity_search weight_sparsity=0.9
577,w_sparsity_search,0.1,0.9,0.0,10,784,3,10,0.0005,0.0,6076,0.9072625041007996,8,w_sparsity_search weight_sparsity=0.9
578,w_sparsity_search,0.1,0.9,0.0,10,784,3,10,0.0005,0.0,6076,0.9043889045715332,9,w_sparsity_search weight_sparsity=0.9
579,w_sparsity_search,0.1,0.9,0.0,10,784,3,10,0.0005,0.0,6076,0.8976799845695496,10,w_sparsity_search weight_sparsity=0.9
580,w_sparsity_search,0.1,0.9,0.0,10,784,3,10,0.0005,0.0,412,0.95169997215271,1,w_sparsity_search weight_sparsity=0.9
581,w_sparsity_search,0.1,0.9,0.0,10,784,3,10,0.0005,0.0,412,0.947950005531311,2,w_sparsity_search weight_sparsity=0.9
582,w_sparsity_search,0.1,0.9,0.0,10,784,3,10,0.0005,0.0,412,0.9423666596412659,3,w_sparsity_search weight_sparsity=0.9
583,w_sparsity_search,0.1,0.9,0.0,10,784,3,10,0.0005,0.0,412,0.9336999654769897,4,w_sparsity_search weight_sparsity=0.9
584,w_sparsity_search,0.1,0.9,0.0,10,784,3,10,0.0005,0.0,412,0.9304800033569336,5,w_sparsity_search weight_sparsity=0.9
585,w_sparsity_search,0.1,0.9,0.0,10,784,3,10,0.0005,0.0,412,0.9286167025566101,6,w_sparsity_search weight_sparsity=0.9
586,w_sparsity_search,0.1,0.9,0.0,10,784,3,10,0.0005,0.0,412,0.9195714592933655,7,w_sparsity_search weight_sparsity=0.9
587,w_sparsity_search,0.1,0.9,0.0,10,784,3,10,0.0005,0.0,412,0.9202374815940857,8,w_sparsity_search weight_sparsity=0.9
588,w_sparsity_search,0.1,0.9,0.0,10,784,3,10,0.0005,0.0,412,0.915588915348053,9,w_sparsity_search weight_sparsity=0.9
589,w_sparsity_search,0.1,0.9,0.0,10,784,3,10,0.0005,0.0,412,0.9095699787139893,10,w_sparsity_search weight_sparsity=0.9
590,w_sparsity_search,0.1,0.9,0.0,10,784,3,10,0.0005,0.0,2654,0.9520999789237976,1,w_sparsity_search weight_sparsity=0.9
591,w_sparsity_search,0.1,0.9,0.0,10,784,3,10,0.0005,0.0,2654,0.9468500018119812,2,w_sparsity_search weight_sparsity=0.9
592,w_sparsity_search,0.1,0.9,0.0,10,784,3,10,0.0005,0.0,2654,0.9380666613578796,3,w_sparsity_search weight_sparsity=0.9
593,w_sparsity_search,0.1,0.9,0.0,10,784,3,10,0.0005,0.0,2654,0.9275999665260315,4,w_sparsity_search weight_sparsity=0.9
594,w_sparsity_search,0.1,0.9,0.0,10,784,3,10,0.0005,0.0,2654,0.9221400022506714,5,w_sparsity_search weight_sparsity=0.9
595,w_sparsity_search,0.1,0.9,0.0,10,784,3,10,0.0005,0.0,2654,0.9172500371932983,6,w_sparsity_search weight_sparsity=0.9
596,w_sparsity_search,0.1,0.9,0.0,10,784,3,10,0.0005,0.0,2654,0.911214292049408,7,w_sparsity_search weight_sparsity=0.9
597,w_sparsity_search,0.1,0.9,0.0,10,784,3,10,0.0005,0.0,2654,0.9102499485015869,8,w_sparsity_search weight_sparsity=0.9
598,w_sparsity_search,0.1,0.9,0.0,10,784,3,10,0.0005,0.0,2654,0.9020333290100098,9,w_sparsity_search weight_sparsity=0.9
599,w_sparsity_search,0.1,0.9,0.0,10,784,3,10,0.0005,0.0,2654,0.8963499665260315,10,w_sparsity_search weight_sparsity=0.9
600,w_sparsity_search,0.1,0.95,0.0,10,784,3,10,0.0005,0.0,9739,0.9362999796867371,1,w_sparsity_search weight_sparsity=0.95
601,w_sparsity_search,0.1,0.95,0.0,10,784,3,10,0.0005,0.0,9739,0.9280499815940857,2,w_sparsity_search weight_sparsity=0.95
602,w_sparsity_search,0.1,0.95,0.0,10,784,3,10,0.0005,0.0,9739,0.9217666983604431,3,w_sparsity_search weight_sparsity=0.95
603,w_sparsity_search,0.1,0.95,0.0,10,784,3,10,0.0005,0.0,9739,0.9134999513626099,4,w_sparsity_search weight_sparsity=0.95
604,w_sparsity_search,0.1,0.95,0.0,10,784,3,10,0.0005,0.0,9739,0.9050599932670593,5,w_sparsity_search weight_sparsity=0.95
605,w_sparsity_search,0.1,0.95,0.0,10,784,3,10,0.0005,0.0,9739,0.8994666934013367,6,w_sparsity_search weight_sparsity=0.95
606,w_sparsity_search,0.1,0.95,0.0,10,784,3,10,0.0005,0.0,9739,0.890742838382721,7,w_sparsity_search weight_sparsity=0.95
607,w_sparsity_search,0.1,0.95,0.0,10,784,3,10,0.0005,0.0,9739,0.883312463760376,8,w_sparsity_search weight_sparsity=0.95
608,w_sparsity_search,0.1,0.95,0.0,10,784,3,10,0.0005,0.0,9739,0.8780444264411926,9,w_sparsity_search weight_sparsity=0.95
609,w_sparsity_search,0.1,0.95,0.0,10,784,3,10,0.0005,0.0,9739,0.8758599758148193,10,w_sparsity_search weight_sparsity=0.95
610,w_sparsity_search,0.1,0.95,0.0,10,784,3,10,0.0005,0.0,6343,0.9333999752998352,1,w_sparsity_search weight_sparsity=0.95
611,w_sparsity_search,0.1,0.95,0.0,10,784,3,10,0.0005,0.0,6343,0.9305999875068665,2,w_sparsity_search weight_sparsity=0.95
612,w_sparsity_search,0.1,0.95,0.0,10,784,3,10,0.0005,0.0,6343,0.9213666915893555,3,w_sparsity_search weight_sparsity=0.95
613,w_sparsity_search,0.1,0.95,0.0,10,784,3,10,0.0005,0.0,6343,0.9136250019073486,4,w_sparsity_search weight_sparsity=0.95
614,w_sparsity_search,0.1,0.95,0.0,10,784,3,10,0.0005,0.0,6343,0.9025999903678894,5,w_sparsity_search weight_sparsity=0.95
615,w_sparsity_search,0.1,0.95,0.0,10,784,3,10,0.0005,0.0,6343,0.8997499942779541,6,w_sparsity_search weight_sparsity=0.95
616,w_sparsity_search,0.1,0.95,0.0,10,784,3,10,0.0005,0.0,6343,0.8948000073432922,7,w_sparsity_search weight_sparsity=0.95
617,w_sparsity_search,0.1,0.95,0.0,10,784,3,10,0.0005,0.0,6343,0.8876749873161316,8,w_sparsity_search weight_sparsity=0.95
618,w_sparsity_search,0.1,0.95,0.0,10,784,3,10,0.0005,0.0,6343,0.8804111480712891,9,w_sparsity_search weight_sparsity=0.95
619,w_sparsity_search,0.1,0.95,0.0,10,784,3,10,0.0005,0.0,6343,0.8724299669265747,10,w_sparsity_search weight_sparsity=0.95
620,w_sparsity_search,0.1,0.95,0.0,10,784,3,10,0.0005,0.0,6469,0.9347999691963196,1,w_sparsity_search weight_sparsity=0.95
621,w_sparsity_search,0.1,0.95,0.0,10,784,3,10,0.0005,0.0,6469,0.9251999855041504,2,w_sparsity_search weight_sparsity=0.95
622,w_sparsity_search,0.1,0.95,0.0,10,784,3,10,0.0005,0.0,6469,0.9220666885375977,3,w_sparsity_search weight_sparsity=0.95
623,w_sparsity_search,0.1,0.95,0.0,10,784,3,10,0.0005,0.0,6469,0.9178749918937683,4,w_sparsity_search weight_sparsity=0.95
624,w_sparsity_search,0.1,0.95,0.0,10,784,3,10,0.0005,0.0,6469,0.9120399951934814,5,w_sparsity_search weight_sparsity=0.95
625,w_sparsity_search,0.1,0.95,0.0,10,784,3,10,0.0005,0.0,6469,0.9011000394821167,6,w_sparsity_search weight_sparsity=0.95
626,w_sparsity_search,0.1,0.95,0.0,10,784,3,10,0.0005,0.0,6469,0.898971438407898,7,w_sparsity_search weight_sparsity=0.95
627,w_sparsity_search,0.1,0.95,0.0,10,784,3,10,0.0005,0.0,6469,0.8933500051498413,8,w_sparsity_search weight_sparsity=0.95
628,w_sparsity_search,0.1,0.95,0.0,10,784,3,10,0.0005,0.0,6469,0.8914666771888733,9,w_sparsity_search weight_sparsity=0.95
629,w_sparsity_search,0.1,0.95,0.0,10,784,3,10,0.0005,0.0,6469,0.885979950428009,10,w_sparsity_search weight_sparsity=0.95
630,w_sparsity_search,0.1,0.95,0.0,10,784,3,10,0.0005,0.0,5205,0.9373999834060669,1,w_sparsity_search weight_sparsity=0.95
631,w_sparsity_search,0.1,0.95,0.0,10,784,3,10,0.0005,0.0,5205,0.9273999929428101,2,w_sparsity_search weight_sparsity=0.95
632,w_sparsity_search,0.1,0.95,0.0,10,784,3,10,0.0005,0.0,5205,0.9208666682243347,3,w_sparsity_search weight_sparsity=0.95
633,w_sparsity_search,0.1,0.95,0.0,10,784,3,10,0.0005,0.0,5205,0.9111749529838562,4,w_sparsity_search weight_sparsity=0.95
634,w_sparsity_search,0.1,0.95,0.0,10,784,3,10,0.0005,0.0,5205,0.9000399708747864,5,w_sparsity_search weight_sparsity=0.95
635,w_sparsity_search,0.1,0.95,0.0,10,784,3,10,0.0005,0.0,5205,0.8989499807357788,6,w_sparsity_search weight_sparsity=0.95
636,w_sparsity_search,0.1,0.95,0.0,10,784,3,10,0.0005,0.0,5205,0.893671452999115,7,w_sparsity_search weight_sparsity=0.95
637,w_sparsity_search,0.1,0.95,0.0,10,784,3,10,0.0005,0.0,5205,0.8857874870300293,8,w_sparsity_search weight_sparsity=0.95
638,w_sparsity_search,0.1,0.95,0.0,10,784,3,10,0.0005,0.0,5205,0.8847111463546753,9,w_sparsity_search weight_sparsity=0.95
639,w_sparsity_search,0.1,0.95,0.0,10,784,3,10,0.0005,0.0,5205,0.8819299936294556,10,w_sparsity_search weight_sparsity=0.95
640,w_sparsity_search,0.1,0.95,0.0,10,784,3,10,0.0005,0.0,8583,0.9334999918937683,1,w_sparsity_search weight_sparsity=0.95
641,w_sparsity_search,0.1,0.95,0.0,10,784,3,10,0.0005,0.0,8583,0.9309999942779541,2,w_sparsity_search weight_sparsity=0.95
642,w_sparsity_search,0.1,0.95,0.0,10,784,3,10,0.0005,0.0,8583,0.9187999963760376,3,w_sparsity_search weight_sparsity=0.95
643,w_sparsity_search,0.1,0.95,0.0,10,784,3,10,0.0005,0.0,8583,0.9139249920845032,4,w_sparsity_search weight_sparsity=0.95
644,w_sparsity_search,0.1,0.95,0.0,10,784,3,10,0.0005,0.0,8583,0.9041599631309509,5,w_sparsity_search weight_sparsity=0.95
645,w_sparsity_search,0.1,0.95,0.0,10,784,3,10,0.0005,0.0,8583,0.899483323097229,6,w_sparsity_search weight_sparsity=0.95
646,w_sparsity_search,0.1,0.95,0.0,10,784,3,10,0.0005,0.0,8583,0.8950285911560059,7,w_sparsity_search weight_sparsity=0.95
647,w_sparsity_search,0.1,0.95,0.0,10,784,3,10,0.0005,0.0,8583,0.8898249864578247,8,w_sparsity_search weight_sparsity=0.95
648,w_sparsity_search,0.1,0.95,0.0,10,784,3,10,0.0005,0.0,8583,0.8883444666862488,9,w_sparsity_search weight_sparsity=0.95
649,w_sparsity_search,0.1,0.95,0.0,10,784,3,10,0.0005,0.0,8583,0.8888099789619446,10,w_sparsity_search weight_sparsity=0.95
650,w_sparsity_search,0.1,0.95,0.0,10,784,3,10,0.0005,0.0,2755,0.9311999678611755,1,w_sparsity_search weight_sparsity=0.95
651,w_sparsity_search,0.1,0.95,0.0,10,784,3,10,0.0005,0.0,2755,0.9238999485969543,2,w_sparsity_search weight_sparsity=0.95
652,w_sparsity_search,0.1,0.95,0.0,10,784,3,10,0.0005,0.0,2755,0.918666660785675,3,w_sparsity_search weight_sparsity=0.95
653,w_sparsity_search,0.1,0.95,0.0,10,784,3,10,0.0005,0.0,2755,0.9112249612808228,4,w_sparsity_search weight_sparsity=0.95
654,w_sparsity_search,0.1,0.95,0.0,10,784,3,10,0.0005,0.0,2755,0.9063799977302551,5,w_sparsity_search weight_sparsity=0.95
655,w_sparsity_search,0.1,0.95,0.0,10,784,3,10,0.0005,0.0,2755,0.9017333388328552,6,w_sparsity_search weight_sparsity=0.95
656,w_sparsity_search,0.1,0.95,0.0,10,784,3,10,0.0005,0.0,2755,0.901285707950592,7,w_sparsity_search weight_sparsity=0.95
657,w_sparsity_search,0.1,0.95,0.0,10,784,3,10,0.0005,0.0,2755,0.8966999650001526,8,w_sparsity_search weight_sparsity=0.95
658,w_sparsity_search,0.1,0.95,0.0,10,784,3,10,0.0005,0.0,2755,0.8935333490371704,9,w_sparsity_search weight_sparsity=0.95
659,w_sparsity_search,0.1,0.95,0.0,10,784,3,10,0.0005,0.0,2755,0.8865999579429626,10,w_sparsity_search weight_sparsity=0.95
660,w_sparsity_search,0.1,0.95,0.0,10,784,3,10,0.0005,0.0,3476,0.9333999752998352,1,w_sparsity_search weight_sparsity=0.95
661,w_sparsity_search,0.1,0.95,0.0,10,784,3,10,0.0005,0.0,3476,0.9263499975204468,2,w_sparsity_search weight_sparsity=0.95
662,w_sparsity_search,0.1,0.95,0.0,10,784,3,10,0.0005,0.0,3476,0.9207000136375427,3,w_sparsity_search weight_sparsity=0.95
663,w_sparsity_search,0.1,0.95,0.0,10,784,3,10,0.0005,0.0,3476,0.915274977684021,4,w_sparsity_search weight_sparsity=0.95
664,w_sparsity_search,0.1,0.95,0.0,10,784,3,10,0.0005,0.0,3476,0.9065999984741211,5,w_sparsity_search weight_sparsity=0.95
665,w_sparsity_search,0.1,0.95,0.0,10,784,3,10,0.0005,0.0,3476,0.9061499834060669,6,w_sparsity_search weight_sparsity=0.95
666,w_sparsity_search,0.1,0.95,0.0,10,784,3,10,0.0005,0.0,3476,0.9018285870552063,7,w_sparsity_search weight_sparsity=0.95
667,w_sparsity_search,0.1,0.95,0.0,10,784,3,10,0.0005,0.0,3476,0.8991499543190002,8,w_sparsity_search weight_sparsity=0.95
668,w_sparsity_search,0.1,0.95,0.0,10,784,3,10,0.0005,0.0,3476,0.8941333293914795,9,w_sparsity_search weight_sparsity=0.95
669,w_sparsity_search,0.1,0.95,0.0,10,784,3,10,0.0005,0.0,3476,0.8953299522399902,10,w_sparsity_search weight_sparsity=0.95
670,w_sparsity_search,0.1,0.95,0.0,10,784,3,10,0.0005,0.0,3513,0.9373999834060669,1,w_sparsity_search weight_sparsity=0.95
671,w_sparsity_search,0.1,0.95,0.0,10,784,3,10,0.0005,0.0,3513,0.9321999549865723,2,w_sparsity_search weight_sparsity=0.95
672,w_sparsity_search,0.1,0.95,0.0,10,784,3,10,0.0005,0.0,3513,0.925266683101654,3,w_sparsity_search weight_sparsity=0.95
673,w_sparsity_search,0.1,0.95,0.0,10,784,3,10,0.0005,0.0,3513,0.9176499843597412,4,w_sparsity_search weight_sparsity=0.95
674,w_sparsity_search,0.1,0.95,0.0,10,784,3,10,0.0005,0.0,3513,0.9023999571800232,5,w_sparsity_search weight_sparsity=0.95
675,w_sparsity_search,0.1,0.95,0.0,10,784,3,10,0.0005,0.0,3513,0.8931000232696533,6,w_sparsity_search weight_sparsity=0.95
676,w_sparsity_search,0.1,0.95,0.0,10,784,3,10,0.0005,0.0,3513,0.8912000060081482,7,w_sparsity_search weight_sparsity=0.95
677,w_sparsity_search,0.1,0.95,0.0,10,784,3,10,0.0005,0.0,3513,0.8851624727249146,8,w_sparsity_search weight_sparsity=0.95
678,w_sparsity_search,0.1,0.95,0.0,10,784,3,10,0.0005,0.0,3513,0.881255567073822,9,w_sparsity_search weight_sparsity=0.95
679,w_sparsity_search,0.1,0.95,0.0,10,784,3,10,0.0005,0.0,3513,0.8815000057220459,10,w_sparsity_search weight_sparsity=0.95
680,w_sparsity_search,0.1,0.95,0.0,10,784,3,10,0.0005,0.0,6488,0.9368999600410461,1,w_sparsity_search weight_sparsity=0.95
681,w_sparsity_search,0.1,0.95,0.0,10,784,3,10,0.0005,0.0,6488,0.9267500042915344,2,w_sparsity_search weight_sparsity=0.95
682,w_sparsity_search,0.1,0.95,0.0,10,784,3,10,0.0005,0.0,6488,0.9088333249092102,3,w_sparsity_search weight_sparsity=0.95
683,w_sparsity_search,0.1,0.95,0.0,10,784,3,10,0.0005,0.0,6488,0.9030999541282654,4,w_sparsity_search weight_sparsity=0.95
684,w_sparsity_search,0.1,0.95,0.0,10,784,3,10,0.0005,0.0,6488,0.8983999490737915,5,w_sparsity_search weight_sparsity=0.95
685,w_sparsity_search,0.1,0.95,0.0,10,784,3,10,0.0005,0.0,6488,0.8934333324432373,6,w_sparsity_search weight_sparsity=0.95
686,w_sparsity_search,0.1,0.95,0.0,10,784,3,10,0.0005,0.0,6488,0.881928563117981,7,w_sparsity_search weight_sparsity=0.95
687,w_sparsity_search,0.1,0.95,0.0,10,784,3,10,0.0005,0.0,6488,0.8784874677658081,8,w_sparsity_search weight_sparsity=0.95
688,w_sparsity_search,0.1,0.95,0.0,10,784,3,10,0.0005,0.0,6488,0.872700035572052,9,w_sparsity_search weight_sparsity=0.95
689,w_sparsity_search,0.1,0.95,0.0,10,784,3,10,0.0005,0.0,6488,0.8688899874687195,10,w_sparsity_search weight_sparsity=0.95
690,w_sparsity_search,0.1,0.95,0.0,10,784,3,10,0.0005,0.0,9504,0.9371999502182007,1,w_sparsity_search weight_sparsity=0.95
691,w_sparsity_search,0.1,0.95,0.0,10,784,3,10,0.0005,0.0,9504,0.9283499717712402,2,w_sparsity_search weight_sparsity=0.95
692,w_sparsity_search,0.1,0.95,0.0,10,784,3,10,0.0005,0.0,9504,0.9215999841690063,3,w_sparsity_search weight_sparsity=0.95
693,w_sparsity_search,0.1,0.95,0.0,10,784,3,10,0.0005,0.0,9504,0.9142999649047852,4,w_sparsity_search weight_sparsity=0.95
694,w_sparsity_search,0.1,0.95,0.0,10,784,3,10,0.0005,0.0,9504,0.906719982624054,5,w_sparsity_search weight_sparsity=0.95
695,w_sparsity_search,0.1,0.95,0.0,10,784,3,10,0.0005,0.0,9504,0.9040833711624146,6,w_sparsity_search weight_sparsity=0.95
696,w_sparsity_search,0.1,0.95,0.0,10,784,3,10,0.0005,0.0,9504,0.8987857103347778,7,w_sparsity_search weight_sparsity=0.95
697,w_sparsity_search,0.1,0.95,0.0,10,784,3,10,0.0005,0.0,9504,0.8930875062942505,8,w_sparsity_search weight_sparsity=0.95
698,w_sparsity_search,0.1,0.95,0.0,10,784,3,10,0.0005,0.0,9504,0.8897555470466614,9,w_sparsity_search weight_sparsity=0.95
699,w_sparsity_search,0.1,0.95,0.0,10,784,3,10,0.0005,0.0,9504,0.8845299482345581,10,w_sparsity_search weight_sparsity=0.95
700,w_sparsity_search,0.1,0.99,0.0,10,784,3,10,0.0005,0.0,4126,0.8047999739646912,1,w_sparsity_search weight_sparsity=0.99
701,w_sparsity_search,0.1,0.99,0.0,10,784,3,10,0.0005,0.0,4126,0.7603499889373779,2,w_sparsity_search weight_sparsity=0.99
702,w_sparsity_search,0.1,0.99,0.0,10,784,3,10,0.0005,0.0,4126,0.7541000247001648,3,w_sparsity_search weight_sparsity=0.99
703,w_sparsity_search,0.1,0.99,0.0,10,784,3,10,0.0005,0.0,4126,0.7438749670982361,4,w_sparsity_search weight_sparsity=0.99
704,w_sparsity_search,0.1,0.99,0.0,10,784,3,10,0.0005,0.0,4126,0.7328999638557434,5,w_sparsity_search weight_sparsity=0.99
705,w_sparsity_search,0.1,0.99,0.0,10,784,3,10,0.0005,0.0,4126,0.7240166664123535,6,w_sparsity_search weight_sparsity=0.99
706,w_sparsity_search,0.1,0.99,0.0,10,784,3,10,0.0005,0.0,4126,0.7042571306228638,7,w_sparsity_search weight_sparsity=0.99
707,w_sparsity_search,0.1,0.99,0.0,10,784,3,10,0.0005,0.0,4126,0.6915374994277954,8,w_sparsity_search weight_sparsity=0.99
708,w_sparsity_search,0.1,0.99,0.0,10,784,3,10,0.0005,0.0,4126,0.6870777606964111,9,w_sparsity_search weight_sparsity=0.99
709,w_sparsity_search,0.1,0.99,0.0,10,784,3,10,0.0005,0.0,4126,0.66593998670578,10,w_sparsity_search weight_sparsity=0.99
710,w_sparsity_search,0.1,0.99,0.0,10,784,3,10,0.0005,0.0,1420,0.7943999767303467,1,w_sparsity_search weight_sparsity=0.99
711,w_sparsity_search,0.1,0.99,0.0,10,784,3,10,0.0005,0.0,1420,0.7764999866485596,2,w_sparsity_search weight_sparsity=0.99
712,w_sparsity_search,0.1,0.99,0.0,10,784,3,10,0.0005,0.0,1420,0.7483333349227905,3,w_sparsity_search weight_sparsity=0.99
713,w_sparsity_search,0.1,0.99,0.0,10,784,3,10,0.0005,0.0,1420,0.7259249687194824,4,w_sparsity_search weight_sparsity=0.99
714,w_sparsity_search,0.1,0.99,0.0,10,784,3,10,0.0005,0.0,1420,0.7114599943161011,5,w_sparsity_search weight_sparsity=0.99
715,w_sparsity_search,0.1,0.99,0.0,10,784,3,10,0.0005,0.0,1420,0.7171833515167236,6,w_sparsity_search weight_sparsity=0.99
716,w_sparsity_search,0.1,0.99,0.0,10,784,3,10,0.0005,0.0,1420,0.6954143047332764,7,w_sparsity_search weight_sparsity=0.99
717,w_sparsity_search,0.1,0.99,0.0,10,784,3,10,0.0005,0.0,1420,0.6886624693870544,8,w_sparsity_search weight_sparsity=0.99
718,w_sparsity_search,0.1,0.99,0.0,10,784,3,10,0.0005,0.0,1420,0.6842666864395142,9,w_sparsity_search weight_sparsity=0.99
719,w_sparsity_search,0.1,0.99,0.0,10,784,3,10,0.0005,0.0,1420,0.6806100010871887,10,w_sparsity_search weight_sparsity=0.99
720,w_sparsity_search,0.1,0.99,0.0,10,784,3,10,0.0005,0.0,1949,0.7991999983787537,1,w_sparsity_search weight_sparsity=0.99
721,w_sparsity_search,0.1,0.99,0.0,10,784,3,10,0.0005,0.0,1949,0.7690500020980835,2,w_sparsity_search weight_sparsity=0.99
722,w_sparsity_search,0.1,0.99,0.0,10,784,3,10,0.0005,0.0,1949,0.7523000240325928,3,w_sparsity_search weight_sparsity=0.99
723,w_sparsity_search,0.1,0.99,0.0,10,784,3,10,0.0005,0.0,1949,0.7407999634742737,4,w_sparsity_search weight_sparsity=0.99
724,w_sparsity_search,0.1,0.99,0.0,10,784,3,10,0.0005,0.0,1949,0.735480010509491,5,w_sparsity_search weight_sparsity=0.99
725,w_sparsity_search,0.1,0.99,0.0,10,784,3,10,0.0005,0.0,1949,0.7358500361442566,6,w_sparsity_search weight_sparsity=0.99
726,w_sparsity_search,0.1,0.99,0.0,10,784,3,10,0.0005,0.0,1949,0.7229571342468262,7,w_sparsity_search weight_sparsity=0.99
727,w_sparsity_search,0.1,0.99,0.0,10,784,3,10,0.0005,0.0,1949,0.720674991607666,8,w_sparsity_search weight_sparsity=0.99
728,w_sparsity_search,0.1,0.99,0.0,10,784,3,10,0.0005,0.0,1949,0.7083333134651184,9,w_sparsity_search weight_sparsity=0.99
729,w_sparsity_search,0.1,0.99,0.0,10,784,3,10,0.0005,0.0,1949,0.6965999603271484,10,w_sparsity_search weight_sparsity=0.99
730,w_sparsity_search,0.1,0.99,0.0,10,784,3,10,0.0005,0.0,4523,0.8167999982833862,1,w_sparsity_search weight_sparsity=0.99
731,w_sparsity_search,0.1,0.99,0.0,10,784,3,10,0.0005,0.0,4523,0.7918999791145325,2,w_sparsity_search weight_sparsity=0.99
732,w_sparsity_search,0.1,0.99,0.0,10,784,3,10,0.0005,0.0,4523,0.7578666806221008,3,w_sparsity_search weight_sparsity=0.99
733,w_sparsity_search,0.1,0.99,0.0,10,784,3,10,0.0005,0.0,4523,0.7580249905586243,4,w_sparsity_search weight_sparsity=0.99
734,w_sparsity_search,0.1,0.99,0.0,10,784,3,10,0.0005,0.0,4523,0.7524799704551697,5,w_sparsity_search weight_sparsity=0.99
735,w_sparsity_search,0.1,0.99,0.0,10,784,3,10,0.0005,0.0,4523,0.7337166666984558,6,w_sparsity_search weight_sparsity=0.99
736,w_sparsity_search,0.1,0.99,0.0,10,784,3,10,0.0005,0.0,4523,0.7214285731315613,7,w_sparsity_search weight_sparsity=0.99
737,w_sparsity_search,0.1,0.99,0.0,10,784,3,10,0.0005,0.0,4523,0.7171624898910522,8,w_sparsity_search weight_sparsity=0.99
738,w_sparsity_search,0.1,0.99,0.0,10,784,3,10,0.0005,0.0,4523,0.7068222165107727,9,w_sparsity_search weight_sparsity=0.99
739,w_sparsity_search,0.1,0.99,0.0,10,784,3,10,0.0005,0.0,4523,0.6896199584007263,10,w_sparsity_search weight_sparsity=0.99
740,w_sparsity_search,0.1,0.99,0.0,10,784,3,10,0.0005,0.0,3830,0.7759999632835388,1,w_sparsity_search weight_sparsity=0.99
741,w_sparsity_search,0.1,0.99,0.0,10,784,3,10,0.0005,0.0,3830,0.7475500106811523,2,w_sparsity_search weight_sparsity=0.99
742,w_sparsity_search,0.1,0.99,0.0,10,784,3,10,0.0005,0.0,3830,0.7319999933242798,3,w_sparsity_search weight_sparsity=0.99
743,w_sparsity_search,0.1,0.99,0.0,10,784,3,10,0.0005,0.0,3830,0.7381749749183655,4,w_sparsity_search weight_sparsity=0.99
744,w_sparsity_search,0.1,0.99,0.0,10,784,3,10,0.0005,0.0,3830,0.7275399565696716,5,w_sparsity_search weight_sparsity=0.99
745,w_sparsity_search,0.1,0.99,0.0,10,784,3,10,0.0005,0.0,3830,0.7064833641052246,6,w_sparsity_search weight_sparsity=0.99
746,w_sparsity_search,0.1,0.99,0.0,10,784,3,10,0.0005,0.0,3830,0.6987000107765198,7,w_sparsity_search weight_sparsity=0.99
747,w_sparsity_search,0.1,0.99,0.0,10,784,3,10,0.0005,0.0,3830,0.6816999912261963,8,w_sparsity_search weight_sparsity=0.99
748,w_sparsity_search,0.1,0.99,0.0,10,784,3,10,0.0005,0.0,3830,0.6845333576202393,9,w_sparsity_search weight_sparsity=0.99
749,w_sparsity_search,0.1,0.99,0.0,10,784,3,10,0.0005,0.0,3830,0.6839199662208557,10,w_sparsity_search weight_sparsity=0.99
750,w_sparsity_search,0.1,0.99,0.0,10,784,3,10,0.0005,0.0,3398,0.8211999535560608,1,w_sparsity_search weight_sparsity=0.99
751,w_sparsity_search,0.1,0.99,0.0,10,784,3,10,0.0005,0.0,3398,0.7872499823570251,2,w_sparsity_search weight_sparsity=0.99
752,w_sparsity_search,0.1,0.99,0.0,10,784,3,10,0.0005,0.0,3398,0.7451333403587341,3,w_sparsity_search weight_sparsity=0.99
753,w_sparsity_search,0.1,0.99,0.0,10,784,3,10,0.0005,0.0,3398,0.7269999980926514,4,w_sparsity_search weight_sparsity=0.99
754,w_sparsity_search,0.1,0.99,0.0,10,784,3,10,0.0005,0.0,3398,0.7207199931144714,5,w_sparsity_search weight_sparsity=0.99
755,w_sparsity_search,0.1,0.99,0.0,10,784,3,10,0.0005,0.0,3398,0.7107999920845032,6,w_sparsity_search weight_sparsity=0.99
756,w_sparsity_search,0.1,0.99,0.0,10,784,3,10,0.0005,0.0,3398,0.7016857266426086,7,w_sparsity_search weight_sparsity=0.99
757,w_sparsity_search,0.1,0.99,0.0,10,784,3,10,0.0005,0.0,3398,0.6815750002861023,8,w_sparsity_search weight_sparsity=0.99
758,w_sparsity_search,0.1,0.99,0.0,10,784,3,10,0.0005,0.0,3398,0.670811116695404,9,w_sparsity_search weight_sparsity=0.99
759,w_sparsity_search,0.1,0.99,0.0,10,784,3,10,0.0005,0.0,3398,0.6605499982833862,10,w_sparsity_search weight_sparsity=0.99
760,w_sparsity_search,0.1,0.99,0.0,10,784,3,10,0.0005,0.0,2207,0.7906000018119812,1,w_sparsity_search weight_sparsity=0.99
761,w_sparsity_search,0.1,0.99,0.0,10,784,3,10,0.0005,0.0,2207,0.7786499857902527,2,w_sparsity_search weight_sparsity=0.99
762,w_sparsity_search,0.1,0.99,0.0,10,784,3,10,0.0005,0.0,2207,0.756600022315979,3,w_sparsity_search weight_sparsity=0.99
763,w_sparsity_search,0.1,0.99,0.0,10,784,3,10,0.0005,0.0,2207,0.7509499788284302,4,w_sparsity_search weight_sparsity=0.99
764,w_sparsity_search,0.1,0.99,0.0,10,784,3,10,0.0005,0.0,2207,0.7378999590873718,5,w_sparsity_search weight_sparsity=0.99
765,w_sparsity_search,0.1,0.99,0.0,10,784,3,10,0.0005,0.0,2207,0.7213667035102844,6,w_sparsity_search weight_sparsity=0.99
766,w_sparsity_search,0.1,0.99,0.0,10,784,3,10,0.0005,0.0,2207,0.7110000252723694,7,w_sparsity_search weight_sparsity=0.99
767,w_sparsity_search,0.1,0.99,0.0,10,784,3,10,0.0005,0.0,2207,0.7127499580383301,8,w_sparsity_search weight_sparsity=0.99
768,w_sparsity_search,0.1,0.99,0.0,10,784,3,10,0.0005,0.0,2207,0.7063555717468262,9,w_sparsity_search weight_sparsity=0.99
769,w_sparsity_search,0.1,0.99,0.0,10,784,3,10,0.0005,0.0,2207,0.6966800093650818,10,w_sparsity_search weight_sparsity=0.99
770,w_sparsity_search,0.1,0.99,0.0,10,784,3,10,0.0005,0.0,5224,0.786899983882904,1,w_sparsity_search weight_sparsity=0.99
771,w_sparsity_search,0.1,0.99,0.0,10,784,3,10,0.0005,0.0,5224,0.7549999952316284,2,w_sparsity_search weight_sparsity=0.99
772,w_sparsity_search,0.1,0.99,0.0,10,784,3,10,0.0005,0.0,5224,0.7431666851043701,3,w_sparsity_search weight_sparsity=0.99
773,w_sparsity_search,0.1,0.99,0.0,10,784,3,10,0.0005,0.0,5224,0.73294997215271,4,w_sparsity_search weight_sparsity=0.99
774,w_sparsity_search,0.1,0.99,0.0,10,784,3,10,0.0005,0.0,5224,0.7312999963760376,5,w_sparsity_search weight_sparsity=0.99
775,w_sparsity_search,0.1,0.99,0.0,10,784,3,10,0.0005,0.0,5224,0.7252833247184753,6,w_sparsity_search weight_sparsity=0.99
776,w_sparsity_search,0.1,0.99,0.0,10,784,3,10,0.0005,0.0,5224,0.7004714012145996,7,w_sparsity_search weight_sparsity=0.99
777,w_sparsity_search,0.1,0.99,0.0,10,784,3,10,0.0005,0.0,5224,0.6922499537467957,8,w_sparsity_search weight_sparsity=0.99
778,w_sparsity_search,0.1,0.99,0.0,10,784,3,10,0.0005,0.0,5224,0.678933322429657,9,w_sparsity_search weight_sparsity=0.99
779,w_sparsity_search,0.1,0.99,0.0,10,784,3,10,0.0005,0.0,5224,0.6817499995231628,10,w_sparsity_search weight_sparsity=0.99
780,w_sparsity_search,0.1,0.99,0.0,10,784,3,10,0.0005,0.0,3994,0.7896999716758728,1,w_sparsity_search weight_sparsity=0.99
781,w_sparsity_search,0.1,0.99,0.0,10,784,3,10,0.0005,0.0,3994,0.78329998254776,2,w_sparsity_search weight_sparsity=0.99
782,w_sparsity_search,0.1,0.99,0.0,10,784,3,10,0.0005,0.0,3994,0.7437666654586792,3,w_sparsity_search weight_sparsity=0.99
783,w_sparsity_search,0.1,0.99,0.0,10,784,3,10,0.0005,0.0,3994,0.7375499606132507,4,w_sparsity_search weight_sparsity=0.99
784,w_sparsity_search,0.1,0.99,0.0,10,784,3,10,0.0005,0.0,3994,0.6945799589157104,5,w_sparsity_search weight_sparsity=0.99
785,w_sparsity_search,0.1,0.99,0.0,10,784,3,10,0.0005,0.0,3994,0.6946166753768921,6,w_sparsity_search weight_sparsity=0.99
786,w_sparsity_search,0.1,0.99,0.0,10,784,3,10,0.0005,0.0,3994,0.6783857345581055,7,w_sparsity_search weight_sparsity=0.99
787,w_sparsity_search,0.1,0.99,0.0,10,784,3,10,0.0005,0.0,3994,0.6816624999046326,8,w_sparsity_search weight_sparsity=0.99
788,w_sparsity_search,0.1,0.99,0.0,10,784,3,10,0.0005,0.0,3994,0.675433337688446,9,w_sparsity_search weight_sparsity=0.99
789,w_sparsity_search,0.1,0.99,0.0,10,784,3,10,0.0005,0.0,3994,0.6810899972915649,10,w_sparsity_search weight_sparsity=0.99
790,w_sparsity_search,0.1,0.99,0.0,10,784,3,10,0.0005,0.0,8965,0.8121999502182007,1,w_sparsity_search weight_sparsity=0.99
791,w_sparsity_search,0.1,0.99,0.0,10,784,3,10,0.0005,0.0,8965,0.7875999808311462,2,w_sparsity_search weight_sparsity=0.99
792,w_sparsity_search,0.1,0.99,0.0,10,784,3,10,0.0005,0.0,8965,0.7590000033378601,3,w_sparsity_search weight_sparsity=0.99
793,w_sparsity_search,0.1,0.99,0.0,10,784,3,10,0.0005,0.0,8965,0.7434499859809875,4,w_sparsity_search weight_sparsity=0.99
794,w_sparsity_search,0.1,0.99,0.0,10,784,3,10,0.0005,0.0,8965,0.7292199730873108,5,w_sparsity_search weight_sparsity=0.99
795,w_sparsity_search,0.1,0.99,0.0,10,784,3,10,0.0005,0.0,8965,0.7197999954223633,6,w_sparsity_search weight_sparsity=0.99
796,w_sparsity_search,0.1,0.99,0.0,10,784,3,10,0.0005,0.0,8965,0.690500020980835,7,w_sparsity_search weight_sparsity=0.99
797,w_sparsity_search,0.1,0.99,0.0,10,784,3,10,0.0005,0.0,8965,0.676437497138977,8,w_sparsity_search weight_sparsity=0.99
798,w_sparsity_search,0.1,0.99,0.0,10,784,3,10,0.0005,0.0,8965,0.6713666915893555,9,w_sparsity_search weight_sparsity=0.99
799,w_sparsity_search,0.1,0.99,0.0,10,784,3,10,0.0005,0.0,8965,0.6652100086212158,10,w_sparsity_search weight_sparsity=0.99
